DEBUG - 2025-10-29 11:49:49 --> Session: Class initialized using 'CodeIgniter\Session\Handlers\FileHandler' driver.
DEBUG - 2025-10-29 11:50:17 --> Session: Class initialized using 'CodeIgniter\Session\Handlers\FileHandler' driver.
DEBUG - 2025-10-29 11:50:27 --> Session: Class initialized using 'CodeIgniter\Session\Handlers\FileHandler' driver.
DEBUG - 2025-10-29 11:50:28 --> Session: Class initialized using 'CodeIgniter\Session\Handlers\FileHandler' driver.
DEBUG - 2025-10-29 11:50:38 --> Session: Class initialized using 'CodeIgniter\Session\Handlers\FileHandler' driver.
DEBUG - 2025-10-29 11:50:38 --> Session: Class initialized using 'CodeIgniter\Session\Handlers\FileHandler' driver.
DEBUG - 2025-10-29 11:50:51 --> Session: Class initialized using 'CodeIgniter\Session\Handlers\FileHandler' driver.
DEBUG - 2025-10-29 11:50:51 --> Session: Class initialized using 'CodeIgniter\Session\Handlers\FileHandler' driver.
DEBUG - 2025-10-29 11:51:02 --> Session: Class initialized using 'CodeIgniter\Session\Handlers\FileHandler' driver.
DEBUG - 2025-10-29 11:51:05 --> Session: Class initialized using 'CodeIgniter\Session\Handlers\FileHandler' driver.
DEBUG - 2025-10-29 11:51:05 --> Session: Class initialized using 'CodeIgniter\Session\Handlers\FileHandler' driver.
DEBUG - 2025-10-29 11:51:22 --> Session: Class initialized using 'CodeIgniter\Session\Handlers\FileHandler' driver.
DEBUG - 2025-10-29 11:51:23 --> Session: Class initialized using 'CodeIgniter\Session\Handlers\FileHandler' driver.
DEBUG - 2025-10-29 11:51:28 --> Session: Class initialized using 'CodeIgniter\Session\Handlers\FileHandler' driver.
DEBUG - 2025-10-29 11:53:41 --> Session: Class initialized using 'CodeIgniter\Session\Handlers\FileHandler' driver.
ERROR - 2025-10-29 11:53:41 --> mysqli_sql_exception: Table 'lms_verola.materials' doesn't exist in C:\xampp\htdocs\ITE311-VEROLA\system\Database\MySQLi\Connection.php:327
Stack trace:
#0 C:\xampp\htdocs\ITE311-VEROLA\system\Database\MySQLi\Connection.php(327): mysqli->query('SELECT *\nFROM `...', 0)
#1 C:\xampp\htdocs\ITE311-VEROLA\system\Database\BaseConnection.php(729): CodeIgniter\Database\MySQLi\Connection->execute('SELECT *\nFROM `...')
#2 C:\xampp\htdocs\ITE311-VEROLA\system\Database\BaseConnection.php(646): CodeIgniter\Database\BaseConnection->simpleQuery('SELECT *\nFROM `...')
#3 C:\xampp\htdocs\ITE311-VEROLA\system\Database\BaseBuilder.php(1649): CodeIgniter\Database\BaseConnection->query('SELECT *\nFROM `...', Array, false)
#4 C:\xampp\htdocs\ITE311-VEROLA\system\Model.php(286): CodeIgniter\Database\BaseBuilder->get()
#5 C:\xampp\htdocs\ITE311-VEROLA\system\BaseModel.php(677): CodeIgniter\Model->doFindAll(0, 0)
#6 C:\xampp\htdocs\ITE311-VEROLA\app\Controllers\Auth.php(141): CodeIgniter\BaseModel->findAll()
#7 C:\xampp\htdocs\ITE311-VEROLA\system\CodeIgniter.php(933): App\Controllers\Auth->dashboard()
#8 C:\xampp\htdocs\ITE311-VEROLA\system\CodeIgniter.php(507): CodeIgniter\CodeIgniter->runController(Object(App\Controllers\Auth))
#9 C:\xampp\htdocs\ITE311-VEROLA\system\CodeIgniter.php(354): CodeIgniter\CodeIgniter->handleRequest(NULL, Object(Config\Cache), false)
#10 C:\xampp\htdocs\ITE311-VEROLA\system\Boot.php(363): CodeIgniter\CodeIgniter->run()
#11 C:\xampp\htdocs\ITE311-VEROLA\system\Boot.php(68): CodeIgniter\Boot::runCodeIgniter(Object(CodeIgniter\CodeIgniter))
#12 C:\xampp\htdocs\ITE311-VEROLA\index.php(59): CodeIgniter\Boot::bootWeb(Object(Config\Paths))
#13 {main}
CRITICAL - 2025-10-29 11:53:41 --> CodeIgniter\Database\Exceptions\DatabaseException: Table 'lms_verola.materials' doesn't exist
[Method: GET, Route: dashboard]
in SYSTEMPATH\Database\BaseConnection.php on line 684.
 1 SYSTEMPATH\Database\BaseBuilder.php(1649): CodeIgniter\Database\BaseConnection->query('SELECT *
FROM `materials`
WHERE `course_id` IN :course_id:
ORDER BY `created_at` DESC', [...], false)
 2 SYSTEMPATH\Model.php(286): CodeIgniter\Database\BaseBuilder->get()
 3 SYSTEMPATH\BaseModel.php(677): CodeIgniter\Model->doFindAll(0, 0)
 4 APPPATH\Controllers\Auth.php(141): CodeIgniter\BaseModel->findAll()
 5 SYSTEMPATH\CodeIgniter.php(933): App\Controllers\Auth->dashboard()
 6 SYSTEMPATH\CodeIgniter.php(507): CodeIgniter\CodeIgniter->runController(Object(App\Controllers\Auth))
 7 SYSTEMPATH\CodeIgniter.php(354): CodeIgniter\CodeIgniter->handleRequest(null, Object(Config\Cache), false)
 8 SYSTEMPATH\Boot.php(363): CodeIgniter\CodeIgniter->run()
 9 SYSTEMPATH\Boot.php(68): CodeIgniter\Boot::runCodeIgniter(Object(CodeIgniter\CodeIgniter))
10 FCPATH\index.php(59): CodeIgniter\Boot::bootWeb(Object(Config\Paths))
CRITICAL - 2025-10-29 11:53:41 --> [Caused by] CodeIgniter\Database\Exceptions\DatabaseException: Table 'lms_verola.materials' doesn't exist
in SYSTEMPATH\Database\MySQLi\Connection.php on line 332.
 1 SYSTEMPATH\Database\BaseConnection.php(729): CodeIgniter\Database\MySQLi\Connection->execute('SELECT *
FROM `materials`
WHERE `course_id` IN (\'2\',\'1\',\'3\',\'8\',\'14\',\'15\',\'13\')
ORDER BY `created_at` DESC')
 2 SYSTEMPATH\Database\BaseConnection.php(646): CodeIgniter\Database\BaseConnection->simpleQuery('SELECT *
FROM `materials`
WHERE `course_id` IN (\'2\',\'1\',\'3\',\'8\',\'14\',\'15\',\'13\')
ORDER BY `created_at` DESC')
 3 SYSTEMPATH\Database\BaseBuilder.php(1649): CodeIgniter\Database\BaseConnection->query('SELECT *
FROM `materials`
WHERE `course_id` IN :course_id:
ORDER BY `created_at` DESC', [...], false)
 4 SYSTEMPATH\Model.php(286): CodeIgniter\Database\BaseBuilder->get()
 5 SYSTEMPATH\BaseModel.php(677): CodeIgniter\Model->doFindAll(0, 0)
 6 APPPATH\Controllers\Auth.php(141): CodeIgniter\BaseModel->findAll()
 7 SYSTEMPATH\CodeIgniter.php(933): App\Controllers\Auth->dashboard()
 8 SYSTEMPATH\CodeIgniter.php(507): CodeIgniter\CodeIgniter->runController(Object(App\Controllers\Auth))
 9 SYSTEMPATH\CodeIgniter.php(354): CodeIgniter\CodeIgniter->handleRequest(null, Object(Config\Cache), false)
10 SYSTEMPATH\Boot.php(363): CodeIgniter\CodeIgniter->run()
11 SYSTEMPATH\Boot.php(68): CodeIgniter\Boot::runCodeIgniter(Object(CodeIgniter\CodeIgniter))
12 FCPATH\index.php(59): CodeIgniter\Boot::bootWeb(Object(Config\Paths))
CRITICAL - 2025-10-29 11:53:41 --> [Caused by] mysqli_sql_exception: Table 'lms_verola.materials' doesn't exist
in SYSTEMPATH\Database\MySQLi\Connection.php on line 327.
 1 SYSTEMPATH\Database\MySQLi\Connection.php(327): mysqli->query('SELECT *
FROM `materials`
WHERE `course_id` IN (\'2\',\'1\',\'3\',\'8\',\'14\',\'15\',\'13\')
ORDER BY `created_at` DESC', 0)
 2 SYSTEMPATH\Database\BaseConnection.php(729): CodeIgniter\Database\MySQLi\Connection->execute('SELECT *
FROM `materials`
WHERE `course_id` IN (\'2\',\'1\',\'3\',\'8\',\'14\',\'15\',\'13\')
ORDER BY `created_at` DESC')
 3 SYSTEMPATH\Database\BaseConnection.php(646): CodeIgniter\Database\BaseConnection->simpleQuery('SELECT *
FROM `materials`
WHERE `course_id` IN (\'2\',\'1\',\'3\',\'8\',\'14\',\'15\',\'13\')
ORDER BY `created_at` DESC')
 4 SYSTEMPATH\Database\BaseBuilder.php(1649): CodeIgniter\Database\BaseConnection->query('SELECT *
FROM `materials`
WHERE `course_id` IN :course_id:
ORDER BY `created_at` DESC', [...], false)
 5 SYSTEMPATH\Model.php(286): CodeIgniter\Database\BaseBuilder->get()
 6 SYSTEMPATH\BaseModel.php(677): CodeIgniter\Model->doFindAll(0, 0)
 7 APPPATH\Controllers\Auth.php(141): CodeIgniter\BaseModel->findAll()
 8 SYSTEMPATH\CodeIgniter.php(933): App\Controllers\Auth->dashboard()
 9 SYSTEMPATH\CodeIgniter.php(507): CodeIgniter\CodeIgniter->runController(Object(App\Controllers\Auth))
10 SYSTEMPATH\CodeIgniter.php(354): CodeIgniter\CodeIgniter->handleRequest(null, Object(Config\Cache), false)
11 SYSTEMPATH\Boot.php(363): CodeIgniter\CodeIgniter->run()
12 SYSTEMPATH\Boot.php(68): CodeIgniter\Boot::runCodeIgniter(Object(CodeIgniter\CodeIgniter))
13 FCPATH\index.php(59): CodeIgniter\Boot::bootWeb(Object(Config\Paths))
DEBUG - 2025-10-29 11:53:58 --> Session: Class initialized using 'CodeIgniter\Session\Handlers\FileHandler' driver.
DEBUG - 2025-10-29 11:54:07 --> Session: Class initialized using 'CodeIgniter\Session\Handlers\FileHandler' driver.
DEBUG - 2025-10-29 11:54:08 --> Session: Class initialized using 'CodeIgniter\Session\Handlers\FileHandler' driver.
ERROR - 2025-10-29 11:54:08 --> mysqli_sql_exception: Table 'lms_verola.materials' doesn't exist in C:\xampp\htdocs\ITE311-VEROLA\system\Database\MySQLi\Connection.php:327
Stack trace:
#0 C:\xampp\htdocs\ITE311-VEROLA\system\Database\MySQLi\Connection.php(327): mysqli->query('SELECT *\nFROM `...', 0)
#1 C:\xampp\htdocs\ITE311-VEROLA\system\Database\BaseConnection.php(729): CodeIgniter\Database\MySQLi\Connection->execute('SELECT *\nFROM `...')
#2 C:\xampp\htdocs\ITE311-VEROLA\system\Database\BaseConnection.php(646): CodeIgniter\Database\BaseConnection->simpleQuery('SELECT *\nFROM `...')
#3 C:\xampp\htdocs\ITE311-VEROLA\system\Database\BaseBuilder.php(1649): CodeIgniter\Database\BaseConnection->query('SELECT *\nFROM `...', Array, false)
#4 C:\xampp\htdocs\ITE311-VEROLA\system\Model.php(286): CodeIgniter\Database\BaseBuilder->get()
#5 C:\xampp\htdocs\ITE311-VEROLA\system\BaseModel.php(677): CodeIgniter\Model->doFindAll(0, 0)
#6 C:\xampp\htdocs\ITE311-VEROLA\app\Controllers\Auth.php(141): CodeIgniter\BaseModel->findAll()
#7 C:\xampp\htdocs\ITE311-VEROLA\system\CodeIgniter.php(933): App\Controllers\Auth->dashboard()
#8 C:\xampp\htdocs\ITE311-VEROLA\system\CodeIgniter.php(507): CodeIgniter\CodeIgniter->runController(Object(App\Controllers\Auth))
#9 C:\xampp\htdocs\ITE311-VEROLA\system\CodeIgniter.php(354): CodeIgniter\CodeIgniter->handleRequest(NULL, Object(Config\Cache), false)
#10 C:\xampp\htdocs\ITE311-VEROLA\system\Boot.php(363): CodeIgniter\CodeIgniter->run()
#11 C:\xampp\htdocs\ITE311-VEROLA\system\Boot.php(68): CodeIgniter\Boot::runCodeIgniter(Object(CodeIgniter\CodeIgniter))
#12 C:\xampp\htdocs\ITE311-VEROLA\index.php(59): CodeIgniter\Boot::bootWeb(Object(Config\Paths))
#13 {main}
CRITICAL - 2025-10-29 11:54:08 --> CodeIgniter\Database\Exceptions\DatabaseException: Table 'lms_verola.materials' doesn't exist
[Method: GET, Route: dashboard]
in SYSTEMPATH\Database\BaseConnection.php on line 684.
 1 SYSTEMPATH\Database\BaseBuilder.php(1649): CodeIgniter\Database\BaseConnection->query('SELECT *
FROM `materials`
WHERE `course_id` IN :course_id:
ORDER BY `created_at` DESC', [...], false)
 2 SYSTEMPATH\Model.php(286): CodeIgniter\Database\BaseBuilder->get()
 3 SYSTEMPATH\BaseModel.php(677): CodeIgniter\Model->doFindAll(0, 0)
 4 APPPATH\Controllers\Auth.php(141): CodeIgniter\BaseModel->findAll()
 5 SYSTEMPATH\CodeIgniter.php(933): App\Controllers\Auth->dashboard()
 6 SYSTEMPATH\CodeIgniter.php(507): CodeIgniter\CodeIgniter->runController(Object(App\Controllers\Auth))
 7 SYSTEMPATH\CodeIgniter.php(354): CodeIgniter\CodeIgniter->handleRequest(null, Object(Config\Cache), false)
 8 SYSTEMPATH\Boot.php(363): CodeIgniter\CodeIgniter->run()
 9 SYSTEMPATH\Boot.php(68): CodeIgniter\Boot::runCodeIgniter(Object(CodeIgniter\CodeIgniter))
10 FCPATH\index.php(59): CodeIgniter\Boot::bootWeb(Object(Config\Paths))
CRITICAL - 2025-10-29 11:54:08 --> [Caused by] CodeIgniter\Database\Exceptions\DatabaseException: Table 'lms_verola.materials' doesn't exist
in SYSTEMPATH\Database\MySQLi\Connection.php on line 332.
 1 SYSTEMPATH\Database\BaseConnection.php(729): CodeIgniter\Database\MySQLi\Connection->execute('SELECT *
FROM `materials`
WHERE `course_id` IN (\'2\',\'1\',\'3\',\'8\',\'14\',\'15\',\'13\')
ORDER BY `created_at` DESC')
 2 SYSTEMPATH\Database\BaseConnection.php(646): CodeIgniter\Database\BaseConnection->simpleQuery('SELECT *
FROM `materials`
WHERE `course_id` IN (\'2\',\'1\',\'3\',\'8\',\'14\',\'15\',\'13\')
ORDER BY `created_at` DESC')
 3 SYSTEMPATH\Database\BaseBuilder.php(1649): CodeIgniter\Database\BaseConnection->query('SELECT *
FROM `materials`
WHERE `course_id` IN :course_id:
ORDER BY `created_at` DESC', [...], false)
 4 SYSTEMPATH\Model.php(286): CodeIgniter\Database\BaseBuilder->get()
 5 SYSTEMPATH\BaseModel.php(677): CodeIgniter\Model->doFindAll(0, 0)
 6 APPPATH\Controllers\Auth.php(141): CodeIgniter\BaseModel->findAll()
 7 SYSTEMPATH\CodeIgniter.php(933): App\Controllers\Auth->dashboard()
 8 SYSTEMPATH\CodeIgniter.php(507): CodeIgniter\CodeIgniter->runController(Object(App\Controllers\Auth))
 9 SYSTEMPATH\CodeIgniter.php(354): CodeIgniter\CodeIgniter->handleRequest(null, Object(Config\Cache), false)
10 SYSTEMPATH\Boot.php(363): CodeIgniter\CodeIgniter->run()
11 SYSTEMPATH\Boot.php(68): CodeIgniter\Boot::runCodeIgniter(Object(CodeIgniter\CodeIgniter))
12 FCPATH\index.php(59): CodeIgniter\Boot::bootWeb(Object(Config\Paths))
CRITICAL - 2025-10-29 11:54:08 --> [Caused by] mysqli_sql_exception: Table 'lms_verola.materials' doesn't exist
in SYSTEMPATH\Database\MySQLi\Connection.php on line 327.
 1 SYSTEMPATH\Database\MySQLi\Connection.php(327): mysqli->query('SELECT *
FROM `materials`
WHERE `course_id` IN (\'2\',\'1\',\'3\',\'8\',\'14\',\'15\',\'13\')
ORDER BY `created_at` DESC', 0)
 2 SYSTEMPATH\Database\BaseConnection.php(729): CodeIgniter\Database\MySQLi\Connection->execute('SELECT *
FROM `materials`
WHERE `course_id` IN (\'2\',\'1\',\'3\',\'8\',\'14\',\'15\',\'13\')
ORDER BY `created_at` DESC')
 3 SYSTEMPATH\Database\BaseConnection.php(646): CodeIgniter\Database\BaseConnection->simpleQuery('SELECT *
FROM `materials`
WHERE `course_id` IN (\'2\',\'1\',\'3\',\'8\',\'14\',\'15\',\'13\')
ORDER BY `created_at` DESC')
 4 SYSTEMPATH\Database\BaseBuilder.php(1649): CodeIgniter\Database\BaseConnection->query('SELECT *
FROM `materials`
WHERE `course_id` IN :course_id:
ORDER BY `created_at` DESC', [...], false)
 5 SYSTEMPATH\Model.php(286): CodeIgniter\Database\BaseBuilder->get()
 6 SYSTEMPATH\BaseModel.php(677): CodeIgniter\Model->doFindAll(0, 0)
 7 APPPATH\Controllers\Auth.php(141): CodeIgniter\BaseModel->findAll()
 8 SYSTEMPATH\CodeIgniter.php(933): App\Controllers\Auth->dashboard()
 9 SYSTEMPATH\CodeIgniter.php(507): CodeIgniter\CodeIgniter->runController(Object(App\Controllers\Auth))
10 SYSTEMPATH\CodeIgniter.php(354): CodeIgniter\CodeIgniter->handleRequest(null, Object(Config\Cache), false)
11 SYSTEMPATH\Boot.php(363): CodeIgniter\CodeIgniter->run()
12 SYSTEMPATH\Boot.php(68): CodeIgniter\Boot::runCodeIgniter(Object(CodeIgniter\CodeIgniter))
13 FCPATH\index.php(59): CodeIgniter\Boot::bootWeb(Object(Config\Paths))
DEBUG - 2025-10-29 11:56:38 --> Session: Class initialized using 'CodeIgniter\Session\Handlers\FileHandler' driver.
DEBUG - 2025-10-29 11:58:56 --> Session: Class initialized using 'CodeIgniter\Session\Handlers\FileHandler' driver.
DEBUG - 2025-10-29 11:58:57 --> Session: Class initialized using 'CodeIgniter\Session\Handlers\FileHandler' driver.
ERROR - 2025-10-29 11:58:57 --> mysqli_sql_exception: Table 'lms_verola.materials' doesn't exist in C:\xampp\htdocs\ITE311-VEROLA\system\Database\MySQLi\Connection.php:327
Stack trace:
#0 C:\xampp\htdocs\ITE311-VEROLA\system\Database\MySQLi\Connection.php(327): mysqli->query('SELECT *\nFROM `...', 0)
#1 C:\xampp\htdocs\ITE311-VEROLA\system\Database\BaseConnection.php(729): CodeIgniter\Database\MySQLi\Connection->execute('SELECT *\nFROM `...')
#2 C:\xampp\htdocs\ITE311-VEROLA\system\Database\BaseConnection.php(646): CodeIgniter\Database\BaseConnection->simpleQuery('SELECT *\nFROM `...')
#3 C:\xampp\htdocs\ITE311-VEROLA\system\Database\BaseBuilder.php(1649): CodeIgniter\Database\BaseConnection->query('SELECT *\nFROM `...', Array, false)
#4 C:\xampp\htdocs\ITE311-VEROLA\system\Model.php(286): CodeIgniter\Database\BaseBuilder->get()
#5 C:\xampp\htdocs\ITE311-VEROLA\system\BaseModel.php(677): CodeIgniter\Model->doFindAll(0, 0)
#6 C:\xampp\htdocs\ITE311-VEROLA\app\Controllers\Auth.php(141): CodeIgniter\BaseModel->findAll()
#7 C:\xampp\htdocs\ITE311-VEROLA\system\CodeIgniter.php(933): App\Controllers\Auth->dashboard()
#8 C:\xampp\htdocs\ITE311-VEROLA\system\CodeIgniter.php(507): CodeIgniter\CodeIgniter->runController(Object(App\Controllers\Auth))
#9 C:\xampp\htdocs\ITE311-VEROLA\system\CodeIgniter.php(354): CodeIgniter\CodeIgniter->handleRequest(NULL, Object(Config\Cache), false)
#10 C:\xampp\htdocs\ITE311-VEROLA\system\Boot.php(363): CodeIgniter\CodeIgniter->run()
#11 C:\xampp\htdocs\ITE311-VEROLA\system\Boot.php(68): CodeIgniter\Boot::runCodeIgniter(Object(CodeIgniter\CodeIgniter))
#12 C:\xampp\htdocs\ITE311-VEROLA\index.php(59): CodeIgniter\Boot::bootWeb(Object(Config\Paths))
#13 {main}
CRITICAL - 2025-10-29 11:58:57 --> CodeIgniter\Database\Exceptions\DatabaseException: Table 'lms_verola.materials' doesn't exist
[Method: GET, Route: dashboard]
in SYSTEMPATH\Database\BaseConnection.php on line 684.
 1 SYSTEMPATH\Database\BaseBuilder.php(1649): CodeIgniter\Database\BaseConnection->query('SELECT *
FROM `materials`
WHERE `course_id` IN :course_id:
ORDER BY `created_at` DESC', [...], false)
 2 SYSTEMPATH\Model.php(286): CodeIgniter\Database\BaseBuilder->get()
 3 SYSTEMPATH\BaseModel.php(677): CodeIgniter\Model->doFindAll(0, 0)
 4 APPPATH\Controllers\Auth.php(141): CodeIgniter\BaseModel->findAll()
 5 SYSTEMPATH\CodeIgniter.php(933): App\Controllers\Auth->dashboard()
 6 SYSTEMPATH\CodeIgniter.php(507): CodeIgniter\CodeIgniter->runController(Object(App\Controllers\Auth))
 7 SYSTEMPATH\CodeIgniter.php(354): CodeIgniter\CodeIgniter->handleRequest(null, Object(Config\Cache), false)
 8 SYSTEMPATH\Boot.php(363): CodeIgniter\CodeIgniter->run()
 9 SYSTEMPATH\Boot.php(68): CodeIgniter\Boot::runCodeIgniter(Object(CodeIgniter\CodeIgniter))
10 FCPATH\index.php(59): CodeIgniter\Boot::bootWeb(Object(Config\Paths))
CRITICAL - 2025-10-29 11:58:57 --> [Caused by] CodeIgniter\Database\Exceptions\DatabaseException: Table 'lms_verola.materials' doesn't exist
in SYSTEMPATH\Database\MySQLi\Connection.php on line 332.
 1 SYSTEMPATH\Database\BaseConnection.php(729): CodeIgniter\Database\MySQLi\Connection->execute('SELECT *
FROM `materials`
WHERE `course_id` IN (\'2\',\'1\',\'3\',\'8\',\'14\',\'15\',\'13\')
ORDER BY `created_at` DESC')
 2 SYSTEMPATH\Database\BaseConnection.php(646): CodeIgniter\Database\BaseConnection->simpleQuery('SELECT *
FROM `materials`
WHERE `course_id` IN (\'2\',\'1\',\'3\',\'8\',\'14\',\'15\',\'13\')
ORDER BY `created_at` DESC')
 3 SYSTEMPATH\Database\BaseBuilder.php(1649): CodeIgniter\Database\BaseConnection->query('SELECT *
FROM `materials`
WHERE `course_id` IN :course_id:
ORDER BY `created_at` DESC', [...], false)
 4 SYSTEMPATH\Model.php(286): CodeIgniter\Database\BaseBuilder->get()
 5 SYSTEMPATH\BaseModel.php(677): CodeIgniter\Model->doFindAll(0, 0)
 6 APPPATH\Controllers\Auth.php(141): CodeIgniter\BaseModel->findAll()
 7 SYSTEMPATH\CodeIgniter.php(933): App\Controllers\Auth->dashboard()
 8 SYSTEMPATH\CodeIgniter.php(507): CodeIgniter\CodeIgniter->runController(Object(App\Controllers\Auth))
 9 SYSTEMPATH\CodeIgniter.php(354): CodeIgniter\CodeIgniter->handleRequest(null, Object(Config\Cache), false)
10 SYSTEMPATH\Boot.php(363): CodeIgniter\CodeIgniter->run()
11 SYSTEMPATH\Boot.php(68): CodeIgniter\Boot::runCodeIgniter(Object(CodeIgniter\CodeIgniter))
12 FCPATH\index.php(59): CodeIgniter\Boot::bootWeb(Object(Config\Paths))
CRITICAL - 2025-10-29 11:58:57 --> [Caused by] mysqli_sql_exception: Table 'lms_verola.materials' doesn't exist
in SYSTEMPATH\Database\MySQLi\Connection.php on line 327.
 1 SYSTEMPATH\Database\MySQLi\Connection.php(327): mysqli->query('SELECT *
FROM `materials`
WHERE `course_id` IN (\'2\',\'1\',\'3\',\'8\',\'14\',\'15\',\'13\')
ORDER BY `created_at` DESC', 0)
 2 SYSTEMPATH\Database\BaseConnection.php(729): CodeIgniter\Database\MySQLi\Connection->execute('SELECT *
FROM `materials`
WHERE `course_id` IN (\'2\',\'1\',\'3\',\'8\',\'14\',\'15\',\'13\')
ORDER BY `created_at` DESC')
 3 SYSTEMPATH\Database\BaseConnection.php(646): CodeIgniter\Database\BaseConnection->simpleQuery('SELECT *
FROM `materials`
WHERE `course_id` IN (\'2\',\'1\',\'3\',\'8\',\'14\',\'15\',\'13\')
ORDER BY `created_at` DESC')
 4 SYSTEMPATH\Database\BaseBuilder.php(1649): CodeIgniter\Database\BaseConnection->query('SELECT *
FROM `materials`
WHERE `course_id` IN :course_id:
ORDER BY `created_at` DESC', [...], false)
 5 SYSTEMPATH\Model.php(286): CodeIgniter\Database\BaseBuilder->get()
 6 SYSTEMPATH\BaseModel.php(677): CodeIgniter\Model->doFindAll(0, 0)
 7 APPPATH\Controllers\Auth.php(141): CodeIgniter\BaseModel->findAll()
 8 SYSTEMPATH\CodeIgniter.php(933): App\Controllers\Auth->dashboard()
 9 SYSTEMPATH\CodeIgniter.php(507): CodeIgniter\CodeIgniter->runController(Object(App\Controllers\Auth))
10 SYSTEMPATH\CodeIgniter.php(354): CodeIgniter\CodeIgniter->handleRequest(null, Object(Config\Cache), false)
11 SYSTEMPATH\Boot.php(363): CodeIgniter\CodeIgniter->run()
12 SYSTEMPATH\Boot.php(68): CodeIgniter\Boot::runCodeIgniter(Object(CodeIgniter\CodeIgniter))
13 FCPATH\index.php(59): CodeIgniter\Boot::bootWeb(Object(Config\Paths))
CRITICAL - 2025-10-29 12:05:22 --> ErrorException: Cannot declare class App\Database\Migrations\CreateMaterialsTable, because the name is already in use
[Method: CLI, Route: migrate]
in APPPATH\Database\Migrations\2025-10-29-120323_CreateMaterialsTable.php on line 7.
 1 [internal function]: CodeIgniter\Debug\Exceptions->shutdownHandler()
DEBUG - 2025-10-29 12:05:50 --> Session: Class initialized using 'CodeIgniter\Session\Handlers\FileHandler' driver.
DEBUG - 2025-10-29 12:05:59 --> Session: Class initialized using 'CodeIgniter\Session\Handlers\FileHandler' driver.
DEBUG - 2025-10-29 12:05:59 --> Session: Class initialized using 'CodeIgniter\Session\Handlers\FileHandler' driver.
DEBUG - 2025-10-29 12:10:04 --> Session: Class initialized using 'CodeIgniter\Session\Handlers\FileHandler' driver.
DEBUG - 2025-10-29 12:11:16 --> Session: Class initialized using 'CodeIgniter\Session\Handlers\FileHandler' driver.
DEBUG - 2025-10-29 12:11:17 --> Session: Class initialized using 'CodeIgniter\Session\Handlers\FileHandler' driver.
DEBUG - 2025-10-29 12:11:30 --> Session: Class initialized using 'CodeIgniter\Session\Handlers\FileHandler' driver.
DEBUG - 2025-10-29 12:11:31 --> Session: Class initialized using 'CodeIgniter\Session\Handlers\FileHandler' driver.
ERROR - 2025-10-29 12:11:31 --> mysqli_sql_exception: Unknown column 'uploaded_by' in 'where clause' in C:\xampp\htdocs\ITE311-VEROLA\system\Database\MySQLi\Connection.php:327
Stack trace:
#0 C:\xampp\htdocs\ITE311-VEROLA\system\Database\MySQLi\Connection.php(327): mysqli->query('SELECT *\nFROM `...', 0)
#1 C:\xampp\htdocs\ITE311-VEROLA\system\Database\BaseConnection.php(729): CodeIgniter\Database\MySQLi\Connection->execute('SELECT *\nFROM `...')
#2 C:\xampp\htdocs\ITE311-VEROLA\system\Database\BaseConnection.php(646): CodeIgniter\Database\BaseConnection->simpleQuery('SELECT *\nFROM `...')
#3 C:\xampp\htdocs\ITE311-VEROLA\system\Database\BaseBuilder.php(1649): CodeIgniter\Database\BaseConnection->query('SELECT *\nFROM `...', Array, false)
#4 C:\xampp\htdocs\ITE311-VEROLA\system\Model.php(286): CodeIgniter\Database\BaseBuilder->get()
#5 C:\xampp\htdocs\ITE311-VEROLA\system\BaseModel.php(677): CodeIgniter\Model->doFindAll(0, 0)
#6 C:\xampp\htdocs\ITE311-VEROLA\app\Controllers\Auth.php(131): CodeIgniter\BaseModel->findAll()
#7 C:\xampp\htdocs\ITE311-VEROLA\system\CodeIgniter.php(933): App\Controllers\Auth->dashboard()
#8 C:\xampp\htdocs\ITE311-VEROLA\system\CodeIgniter.php(507): CodeIgniter\CodeIgniter->runController(Object(App\Controllers\Auth))
#9 C:\xampp\htdocs\ITE311-VEROLA\system\CodeIgniter.php(354): CodeIgniter\CodeIgniter->handleRequest(NULL, Object(Config\Cache), false)
#10 C:\xampp\htdocs\ITE311-VEROLA\system\Boot.php(363): CodeIgniter\CodeIgniter->run()
#11 C:\xampp\htdocs\ITE311-VEROLA\system\Boot.php(68): CodeIgniter\Boot::runCodeIgniter(Object(CodeIgniter\CodeIgniter))
#12 C:\xampp\htdocs\ITE311-VEROLA\index.php(59): CodeIgniter\Boot::bootWeb(Object(Config\Paths))
#13 {main}
CRITICAL - 2025-10-29 12:11:31 --> CodeIgniter\Database\Exceptions\DatabaseException: Unknown column 'uploaded_by' in 'where clause'
[Method: GET, Route: dashboard]
in SYSTEMPATH\Database\BaseConnection.php on line 684.
 1 SYSTEMPATH\Database\BaseBuilder.php(1649): CodeIgniter\Database\BaseConnection->query('SELECT *
FROM `materials`
WHERE `uploaded_by` = :uploaded_by:
ORDER BY `created_at` DESC', [...], false)
 2 SYSTEMPATH\Model.php(286): CodeIgniter\Database\BaseBuilder->get()
 3 SYSTEMPATH\BaseModel.php(677): CodeIgniter\Model->doFindAll(0, 0)
 4 APPPATH\Controllers\Auth.php(131): CodeIgniter\BaseModel->findAll()
 5 SYSTEMPATH\CodeIgniter.php(933): App\Controllers\Auth->dashboard()
 6 SYSTEMPATH\CodeIgniter.php(507): CodeIgniter\CodeIgniter->runController(Object(App\Controllers\Auth))
 7 SYSTEMPATH\CodeIgniter.php(354): CodeIgniter\CodeIgniter->handleRequest(null, Object(Config\Cache), false)
 8 SYSTEMPATH\Boot.php(363): CodeIgniter\CodeIgniter->run()
 9 SYSTEMPATH\Boot.php(68): CodeIgniter\Boot::runCodeIgniter(Object(CodeIgniter\CodeIgniter))
10 FCPATH\index.php(59): CodeIgniter\Boot::bootWeb(Object(Config\Paths))
CRITICAL - 2025-10-29 12:11:31 --> [Caused by] CodeIgniter\Database\Exceptions\DatabaseException: Unknown column 'uploaded_by' in 'where clause'
in SYSTEMPATH\Database\MySQLi\Connection.php on line 332.
 1 SYSTEMPATH\Database\BaseConnection.php(729): CodeIgniter\Database\MySQLi\Connection->execute('SELECT *
FROM `materials`
WHERE `uploaded_by` = \'4\'
ORDER BY `created_at` DESC')
 2 SYSTEMPATH\Database\BaseConnection.php(646): CodeIgniter\Database\BaseConnection->simpleQuery('SELECT *
FROM `materials`
WHERE `uploaded_by` = \'4\'
ORDER BY `created_at` DESC')
 3 SYSTEMPATH\Database\BaseBuilder.php(1649): CodeIgniter\Database\BaseConnection->query('SELECT *
FROM `materials`
WHERE `uploaded_by` = :uploaded_by:
ORDER BY `created_at` DESC', [...], false)
 4 SYSTEMPATH\Model.php(286): CodeIgniter\Database\BaseBuilder->get()
 5 SYSTEMPATH\BaseModel.php(677): CodeIgniter\Model->doFindAll(0, 0)
 6 APPPATH\Controllers\Auth.php(131): CodeIgniter\BaseModel->findAll()
 7 SYSTEMPATH\CodeIgniter.php(933): App\Controllers\Auth->dashboard()
 8 SYSTEMPATH\CodeIgniter.php(507): CodeIgniter\CodeIgniter->runController(Object(App\Controllers\Auth))
 9 SYSTEMPATH\CodeIgniter.php(354): CodeIgniter\CodeIgniter->handleRequest(null, Object(Config\Cache), false)
10 SYSTEMPATH\Boot.php(363): CodeIgniter\CodeIgniter->run()
11 SYSTEMPATH\Boot.php(68): CodeIgniter\Boot::runCodeIgniter(Object(CodeIgniter\CodeIgniter))
12 FCPATH\index.php(59): CodeIgniter\Boot::bootWeb(Object(Config\Paths))
CRITICAL - 2025-10-29 12:11:31 --> [Caused by] mysqli_sql_exception: Unknown column 'uploaded_by' in 'where clause'
in SYSTEMPATH\Database\MySQLi\Connection.php on line 327.
 1 SYSTEMPATH\Database\MySQLi\Connection.php(327): mysqli->query('SELECT *
FROM `materials`
WHERE `uploaded_by` = \'4\'
ORDER BY `created_at` DESC', 0)
 2 SYSTEMPATH\Database\BaseConnection.php(729): CodeIgniter\Database\MySQLi\Connection->execute('SELECT *
FROM `materials`
WHERE `uploaded_by` = \'4\'
ORDER BY `created_at` DESC')
 3 SYSTEMPATH\Database\BaseConnection.php(646): CodeIgniter\Database\BaseConnection->simpleQuery('SELECT *
FROM `materials`
WHERE `uploaded_by` = \'4\'
ORDER BY `created_at` DESC')
 4 SYSTEMPATH\Database\BaseBuilder.php(1649): CodeIgniter\Database\BaseConnection->query('SELECT *
FROM `materials`
WHERE `uploaded_by` = :uploaded_by:
ORDER BY `created_at` DESC', [...], false)
 5 SYSTEMPATH\Model.php(286): CodeIgniter\Database\BaseBuilder->get()
 6 SYSTEMPATH\BaseModel.php(677): CodeIgniter\Model->doFindAll(0, 0)
 7 APPPATH\Controllers\Auth.php(131): CodeIgniter\BaseModel->findAll()
 8 SYSTEMPATH\CodeIgniter.php(933): App\Controllers\Auth->dashboard()
 9 SYSTEMPATH\CodeIgniter.php(507): CodeIgniter\CodeIgniter->runController(Object(App\Controllers\Auth))
10 SYSTEMPATH\CodeIgniter.php(354): CodeIgniter\CodeIgniter->handleRequest(null, Object(Config\Cache), false)
11 SYSTEMPATH\Boot.php(363): CodeIgniter\CodeIgniter->run()
12 SYSTEMPATH\Boot.php(68): CodeIgniter\Boot::runCodeIgniter(Object(CodeIgniter\CodeIgniter))
13 FCPATH\index.php(59): CodeIgniter\Boot::bootWeb(Object(Config\Paths))
DEBUG - 2025-10-29 12:18:52 --> Session: Class initialized using 'CodeIgniter\Session\Handlers\FileHandler' driver.
ERROR - 2025-10-29 12:18:52 --> mysqli_sql_exception: Unknown column 'uploaded_by' in 'where clause' in C:\xampp\htdocs\ITE311-VEROLA\system\Database\MySQLi\Connection.php:327
Stack trace:
#0 C:\xampp\htdocs\ITE311-VEROLA\system\Database\MySQLi\Connection.php(327): mysqli->query('SELECT *\nFROM `...', 0)
#1 C:\xampp\htdocs\ITE311-VEROLA\system\Database\BaseConnection.php(729): CodeIgniter\Database\MySQLi\Connection->execute('SELECT *\nFROM `...')
#2 C:\xampp\htdocs\ITE311-VEROLA\system\Database\BaseConnection.php(646): CodeIgniter\Database\BaseConnection->simpleQuery('SELECT *\nFROM `...')
#3 C:\xampp\htdocs\ITE311-VEROLA\system\Database\BaseBuilder.php(1649): CodeIgniter\Database\BaseConnection->query('SELECT *\nFROM `...', Array, false)
#4 C:\xampp\htdocs\ITE311-VEROLA\system\Model.php(286): CodeIgniter\Database\BaseBuilder->get()
#5 C:\xampp\htdocs\ITE311-VEROLA\system\BaseModel.php(677): CodeIgniter\Model->doFindAll(0, 0)
#6 C:\xampp\htdocs\ITE311-VEROLA\app\Controllers\Auth.php(131): CodeIgniter\BaseModel->findAll()
#7 C:\xampp\htdocs\ITE311-VEROLA\system\CodeIgniter.php(933): App\Controllers\Auth->dashboard()
#8 C:\xampp\htdocs\ITE311-VEROLA\system\CodeIgniter.php(507): CodeIgniter\CodeIgniter->runController(Object(App\Controllers\Auth))
#9 C:\xampp\htdocs\ITE311-VEROLA\system\CodeIgniter.php(354): CodeIgniter\CodeIgniter->handleRequest(NULL, Object(Config\Cache), false)
#10 C:\xampp\htdocs\ITE311-VEROLA\system\Boot.php(363): CodeIgniter\CodeIgniter->run()
#11 C:\xampp\htdocs\ITE311-VEROLA\system\Boot.php(68): CodeIgniter\Boot::runCodeIgniter(Object(CodeIgniter\CodeIgniter))
#12 C:\xampp\htdocs\ITE311-VEROLA\index.php(59): CodeIgniter\Boot::bootWeb(Object(Config\Paths))
#13 {main}
CRITICAL - 2025-10-29 12:18:52 --> CodeIgniter\Database\Exceptions\DatabaseException: Unknown column 'uploaded_by' in 'where clause'
[Method: GET, Route: dashboard]
in SYSTEMPATH\Database\BaseConnection.php on line 684.
 1 SYSTEMPATH\Database\BaseBuilder.php(1649): CodeIgniter\Database\BaseConnection->query('SELECT *
FROM `materials`
WHERE `uploaded_by` = :uploaded_by:
ORDER BY `created_at` DESC', [...], false)
 2 SYSTEMPATH\Model.php(286): CodeIgniter\Database\BaseBuilder->get()
 3 SYSTEMPATH\BaseModel.php(677): CodeIgniter\Model->doFindAll(0, 0)
 4 APPPATH\Controllers\Auth.php(131): CodeIgniter\BaseModel->findAll()
 5 SYSTEMPATH\CodeIgniter.php(933): App\Controllers\Auth->dashboard()
 6 SYSTEMPATH\CodeIgniter.php(507): CodeIgniter\CodeIgniter->runController(Object(App\Controllers\Auth))
 7 SYSTEMPATH\CodeIgniter.php(354): CodeIgniter\CodeIgniter->handleRequest(null, Object(Config\Cache), false)
 8 SYSTEMPATH\Boot.php(363): CodeIgniter\CodeIgniter->run()
 9 SYSTEMPATH\Boot.php(68): CodeIgniter\Boot::runCodeIgniter(Object(CodeIgniter\CodeIgniter))
10 FCPATH\index.php(59): CodeIgniter\Boot::bootWeb(Object(Config\Paths))
CRITICAL - 2025-10-29 12:18:52 --> [Caused by] CodeIgniter\Database\Exceptions\DatabaseException: Unknown column 'uploaded_by' in 'where clause'
in SYSTEMPATH\Database\MySQLi\Connection.php on line 332.
 1 SYSTEMPATH\Database\BaseConnection.php(729): CodeIgniter\Database\MySQLi\Connection->execute('SELECT *
FROM `materials`
WHERE `uploaded_by` = \'4\'
ORDER BY `created_at` DESC')
 2 SYSTEMPATH\Database\BaseConnection.php(646): CodeIgniter\Database\BaseConnection->simpleQuery('SELECT *
FROM `materials`
WHERE `uploaded_by` = \'4\'
ORDER BY `created_at` DESC')
 3 SYSTEMPATH\Database\BaseBuilder.php(1649): CodeIgniter\Database\BaseConnection->query('SELECT *
FROM `materials`
WHERE `uploaded_by` = :uploaded_by:
ORDER BY `created_at` DESC', [...], false)
 4 SYSTEMPATH\Model.php(286): CodeIgniter\Database\BaseBuilder->get()
 5 SYSTEMPATH\BaseModel.php(677): CodeIgniter\Model->doFindAll(0, 0)
 6 APPPATH\Controllers\Auth.php(131): CodeIgniter\BaseModel->findAll()
 7 SYSTEMPATH\CodeIgniter.php(933): App\Controllers\Auth->dashboard()
 8 SYSTEMPATH\CodeIgniter.php(507): CodeIgniter\CodeIgniter->runController(Object(App\Controllers\Auth))
 9 SYSTEMPATH\CodeIgniter.php(354): CodeIgniter\CodeIgniter->handleRequest(null, Object(Config\Cache), false)
10 SYSTEMPATH\Boot.php(363): CodeIgniter\CodeIgniter->run()
11 SYSTEMPATH\Boot.php(68): CodeIgniter\Boot::runCodeIgniter(Object(CodeIgniter\CodeIgniter))
12 FCPATH\index.php(59): CodeIgniter\Boot::bootWeb(Object(Config\Paths))
CRITICAL - 2025-10-29 12:18:52 --> [Caused by] mysqli_sql_exception: Unknown column 'uploaded_by' in 'where clause'
in SYSTEMPATH\Database\MySQLi\Connection.php on line 327.
 1 SYSTEMPATH\Database\MySQLi\Connection.php(327): mysqli->query('SELECT *
FROM `materials`
WHERE `uploaded_by` = \'4\'
ORDER BY `created_at` DESC', 0)
 2 SYSTEMPATH\Database\BaseConnection.php(729): CodeIgniter\Database\MySQLi\Connection->execute('SELECT *
FROM `materials`
WHERE `uploaded_by` = \'4\'
ORDER BY `created_at` DESC')
 3 SYSTEMPATH\Database\BaseConnection.php(646): CodeIgniter\Database\BaseConnection->simpleQuery('SELECT *
FROM `materials`
WHERE `uploaded_by` = \'4\'
ORDER BY `created_at` DESC')
 4 SYSTEMPATH\Database\BaseBuilder.php(1649): CodeIgniter\Database\BaseConnection->query('SELECT *
FROM `materials`
WHERE `uploaded_by` = :uploaded_by:
ORDER BY `created_at` DESC', [...], false)
 5 SYSTEMPATH\Model.php(286): CodeIgniter\Database\BaseBuilder->get()
 6 SYSTEMPATH\BaseModel.php(677): CodeIgniter\Model->doFindAll(0, 0)
 7 APPPATH\Controllers\Auth.php(131): CodeIgniter\BaseModel->findAll()
 8 SYSTEMPATH\CodeIgniter.php(933): App\Controllers\Auth->dashboard()
 9 SYSTEMPATH\CodeIgniter.php(507): CodeIgniter\CodeIgniter->runController(Object(App\Controllers\Auth))
10 SYSTEMPATH\CodeIgniter.php(354): CodeIgniter\CodeIgniter->handleRequest(null, Object(Config\Cache), false)
11 SYSTEMPATH\Boot.php(363): CodeIgniter\CodeIgniter->run()
12 SYSTEMPATH\Boot.php(68): CodeIgniter\Boot::runCodeIgniter(Object(CodeIgniter\CodeIgniter))
13 FCPATH\index.php(59): CodeIgniter\Boot::bootWeb(Object(Config\Paths))
DEBUG - 2025-10-29 12:19:54 --> Session: Class initialized using 'CodeIgniter\Session\Handlers\FileHandler' driver.
ERROR - 2025-10-29 12:19:54 --> mysqli_sql_exception: Unknown column 'uploaded_by' in 'where clause' in C:\xampp\htdocs\ITE311-VEROLA\system\Database\MySQLi\Connection.php:327
Stack trace:
#0 C:\xampp\htdocs\ITE311-VEROLA\system\Database\MySQLi\Connection.php(327): mysqli->query('SELECT *\nFROM `...', 0)
#1 C:\xampp\htdocs\ITE311-VEROLA\system\Database\BaseConnection.php(729): CodeIgniter\Database\MySQLi\Connection->execute('SELECT *\nFROM `...')
#2 C:\xampp\htdocs\ITE311-VEROLA\system\Database\BaseConnection.php(646): CodeIgniter\Database\BaseConnection->simpleQuery('SELECT *\nFROM `...')
#3 C:\xampp\htdocs\ITE311-VEROLA\system\Database\BaseBuilder.php(1649): CodeIgniter\Database\BaseConnection->query('SELECT *\nFROM `...', Array, false)
#4 C:\xampp\htdocs\ITE311-VEROLA\system\Model.php(286): CodeIgniter\Database\BaseBuilder->get()
#5 C:\xampp\htdocs\ITE311-VEROLA\system\BaseModel.php(677): CodeIgniter\Model->doFindAll(0, 0)
#6 C:\xampp\htdocs\ITE311-VEROLA\app\Controllers\Auth.php(131): CodeIgniter\BaseModel->findAll()
#7 C:\xampp\htdocs\ITE311-VEROLA\system\CodeIgniter.php(933): App\Controllers\Auth->dashboard()
#8 C:\xampp\htdocs\ITE311-VEROLA\system\CodeIgniter.php(507): CodeIgniter\CodeIgniter->runController(Object(App\Controllers\Auth))
#9 C:\xampp\htdocs\ITE311-VEROLA\system\CodeIgniter.php(354): CodeIgniter\CodeIgniter->handleRequest(NULL, Object(Config\Cache), false)
#10 C:\xampp\htdocs\ITE311-VEROLA\system\Boot.php(363): CodeIgniter\CodeIgniter->run()
#11 C:\xampp\htdocs\ITE311-VEROLA\system\Boot.php(68): CodeIgniter\Boot::runCodeIgniter(Object(CodeIgniter\CodeIgniter))
#12 C:\xampp\htdocs\ITE311-VEROLA\index.php(59): CodeIgniter\Boot::bootWeb(Object(Config\Paths))
#13 {main}
CRITICAL - 2025-10-29 12:19:54 --> CodeIgniter\Database\Exceptions\DatabaseException: Unknown column 'uploaded_by' in 'where clause'
[Method: GET, Route: dashboard]
in SYSTEMPATH\Database\BaseConnection.php on line 684.
 1 SYSTEMPATH\Database\BaseBuilder.php(1649): CodeIgniter\Database\BaseConnection->query('SELECT *
FROM `materials`
WHERE `uploaded_by` = :uploaded_by:
ORDER BY `created_at` DESC', [...], false)
 2 SYSTEMPATH\Model.php(286): CodeIgniter\Database\BaseBuilder->get()
 3 SYSTEMPATH\BaseModel.php(677): CodeIgniter\Model->doFindAll(0, 0)
 4 APPPATH\Controllers\Auth.php(131): CodeIgniter\BaseModel->findAll()
 5 SYSTEMPATH\CodeIgniter.php(933): App\Controllers\Auth->dashboard()
 6 SYSTEMPATH\CodeIgniter.php(507): CodeIgniter\CodeIgniter->runController(Object(App\Controllers\Auth))
 7 SYSTEMPATH\CodeIgniter.php(354): CodeIgniter\CodeIgniter->handleRequest(null, Object(Config\Cache), false)
 8 SYSTEMPATH\Boot.php(363): CodeIgniter\CodeIgniter->run()
 9 SYSTEMPATH\Boot.php(68): CodeIgniter\Boot::runCodeIgniter(Object(CodeIgniter\CodeIgniter))
10 FCPATH\index.php(59): CodeIgniter\Boot::bootWeb(Object(Config\Paths))
CRITICAL - 2025-10-29 12:19:54 --> [Caused by] CodeIgniter\Database\Exceptions\DatabaseException: Unknown column 'uploaded_by' in 'where clause'
in SYSTEMPATH\Database\MySQLi\Connection.php on line 332.
 1 SYSTEMPATH\Database\BaseConnection.php(729): CodeIgniter\Database\MySQLi\Connection->execute('SELECT *
FROM `materials`
WHERE `uploaded_by` = \'4\'
ORDER BY `created_at` DESC')
 2 SYSTEMPATH\Database\BaseConnection.php(646): CodeIgniter\Database\BaseConnection->simpleQuery('SELECT *
FROM `materials`
WHERE `uploaded_by` = \'4\'
ORDER BY `created_at` DESC')
 3 SYSTEMPATH\Database\BaseBuilder.php(1649): CodeIgniter\Database\BaseConnection->query('SELECT *
FROM `materials`
WHERE `uploaded_by` = :uploaded_by:
ORDER BY `created_at` DESC', [...], false)
 4 SYSTEMPATH\Model.php(286): CodeIgniter\Database\BaseBuilder->get()
 5 SYSTEMPATH\BaseModel.php(677): CodeIgniter\Model->doFindAll(0, 0)
 6 APPPATH\Controllers\Auth.php(131): CodeIgniter\BaseModel->findAll()
 7 SYSTEMPATH\CodeIgniter.php(933): App\Controllers\Auth->dashboard()
 8 SYSTEMPATH\CodeIgniter.php(507): CodeIgniter\CodeIgniter->runController(Object(App\Controllers\Auth))
 9 SYSTEMPATH\CodeIgniter.php(354): CodeIgniter\CodeIgniter->handleRequest(null, Object(Config\Cache), false)
10 SYSTEMPATH\Boot.php(363): CodeIgniter\CodeIgniter->run()
11 SYSTEMPATH\Boot.php(68): CodeIgniter\Boot::runCodeIgniter(Object(CodeIgniter\CodeIgniter))
12 FCPATH\index.php(59): CodeIgniter\Boot::bootWeb(Object(Config\Paths))
CRITICAL - 2025-10-29 12:19:54 --> [Caused by] mysqli_sql_exception: Unknown column 'uploaded_by' in 'where clause'
in SYSTEMPATH\Database\MySQLi\Connection.php on line 327.
 1 SYSTEMPATH\Database\MySQLi\Connection.php(327): mysqli->query('SELECT *
FROM `materials`
WHERE `uploaded_by` = \'4\'
ORDER BY `created_at` DESC', 0)
 2 SYSTEMPATH\Database\BaseConnection.php(729): CodeIgniter\Database\MySQLi\Connection->execute('SELECT *
FROM `materials`
WHERE `uploaded_by` = \'4\'
ORDER BY `created_at` DESC')
 3 SYSTEMPATH\Database\BaseConnection.php(646): CodeIgniter\Database\BaseConnection->simpleQuery('SELECT *
FROM `materials`
WHERE `uploaded_by` = \'4\'
ORDER BY `created_at` DESC')
 4 SYSTEMPATH\Database\BaseBuilder.php(1649): CodeIgniter\Database\BaseConnection->query('SELECT *
FROM `materials`
WHERE `uploaded_by` = :uploaded_by:
ORDER BY `created_at` DESC', [...], false)
 5 SYSTEMPATH\Model.php(286): CodeIgniter\Database\BaseBuilder->get()
 6 SYSTEMPATH\BaseModel.php(677): CodeIgniter\Model->doFindAll(0, 0)
 7 APPPATH\Controllers\Auth.php(131): CodeIgniter\BaseModel->findAll()
 8 SYSTEMPATH\CodeIgniter.php(933): App\Controllers\Auth->dashboard()
 9 SYSTEMPATH\CodeIgniter.php(507): CodeIgniter\CodeIgniter->runController(Object(App\Controllers\Auth))
10 SYSTEMPATH\CodeIgniter.php(354): CodeIgniter\CodeIgniter->handleRequest(null, Object(Config\Cache), false)
11 SYSTEMPATH\Boot.php(363): CodeIgniter\CodeIgniter->run()
12 SYSTEMPATH\Boot.php(68): CodeIgniter\Boot::runCodeIgniter(Object(CodeIgniter\CodeIgniter))
13 FCPATH\index.php(59): CodeIgniter\Boot::bootWeb(Object(Config\Paths))
DEBUG - 2025-10-29 12:23:59 --> Session: Class initialized using 'CodeIgniter\Session\Handlers\FileHandler' driver.
ERROR - 2025-10-29 12:23:59 --> mysqli_sql_exception: Unknown column 'uploaded_by' in 'where clause' in C:\xampp\htdocs\ITE311-VEROLA\system\Database\MySQLi\Connection.php:327
Stack trace:
#0 C:\xampp\htdocs\ITE311-VEROLA\system\Database\MySQLi\Connection.php(327): mysqli->query('SELECT *\nFROM `...', 0)
#1 C:\xampp\htdocs\ITE311-VEROLA\system\Database\BaseConnection.php(729): CodeIgniter\Database\MySQLi\Connection->execute('SELECT *\nFROM `...')
#2 C:\xampp\htdocs\ITE311-VEROLA\system\Database\BaseConnection.php(646): CodeIgniter\Database\BaseConnection->simpleQuery('SELECT *\nFROM `...')
#3 C:\xampp\htdocs\ITE311-VEROLA\system\Database\BaseBuilder.php(1649): CodeIgniter\Database\BaseConnection->query('SELECT *\nFROM `...', Array, false)
#4 C:\xampp\htdocs\ITE311-VEROLA\system\Model.php(286): CodeIgniter\Database\BaseBuilder->get()
#5 C:\xampp\htdocs\ITE311-VEROLA\system\BaseModel.php(677): CodeIgniter\Model->doFindAll(0, 0)
#6 C:\xampp\htdocs\ITE311-VEROLA\app\Controllers\Auth.php(131): CodeIgniter\BaseModel->findAll()
#7 C:\xampp\htdocs\ITE311-VEROLA\system\CodeIgniter.php(933): App\Controllers\Auth->dashboard()
#8 C:\xampp\htdocs\ITE311-VEROLA\system\CodeIgniter.php(507): CodeIgniter\CodeIgniter->runController(Object(App\Controllers\Auth))
#9 C:\xampp\htdocs\ITE311-VEROLA\system\CodeIgniter.php(354): CodeIgniter\CodeIgniter->handleRequest(NULL, Object(Config\Cache), false)
#10 C:\xampp\htdocs\ITE311-VEROLA\system\Boot.php(363): CodeIgniter\CodeIgniter->run()
#11 C:\xampp\htdocs\ITE311-VEROLA\system\Boot.php(68): CodeIgniter\Boot::runCodeIgniter(Object(CodeIgniter\CodeIgniter))
#12 C:\xampp\htdocs\ITE311-VEROLA\index.php(59): CodeIgniter\Boot::bootWeb(Object(Config\Paths))
#13 {main}
CRITICAL - 2025-10-29 12:23:59 --> CodeIgniter\Database\Exceptions\DatabaseException: Unknown column 'uploaded_by' in 'where clause'
[Method: GET, Route: dashboard]
in SYSTEMPATH\Database\BaseConnection.php on line 684.
 1 SYSTEMPATH\Database\BaseBuilder.php(1649): CodeIgniter\Database\BaseConnection->query('SELECT *
FROM `materials`
WHERE `uploaded_by` = :uploaded_by:
ORDER BY `created_at` DESC', [...], false)
 2 SYSTEMPATH\Model.php(286): CodeIgniter\Database\BaseBuilder->get()
 3 SYSTEMPATH\BaseModel.php(677): CodeIgniter\Model->doFindAll(0, 0)
 4 APPPATH\Controllers\Auth.php(131): CodeIgniter\BaseModel->findAll()
 5 SYSTEMPATH\CodeIgniter.php(933): App\Controllers\Auth->dashboard()
 6 SYSTEMPATH\CodeIgniter.php(507): CodeIgniter\CodeIgniter->runController(Object(App\Controllers\Auth))
 7 SYSTEMPATH\CodeIgniter.php(354): CodeIgniter\CodeIgniter->handleRequest(null, Object(Config\Cache), false)
 8 SYSTEMPATH\Boot.php(363): CodeIgniter\CodeIgniter->run()
 9 SYSTEMPATH\Boot.php(68): CodeIgniter\Boot::runCodeIgniter(Object(CodeIgniter\CodeIgniter))
10 FCPATH\index.php(59): CodeIgniter\Boot::bootWeb(Object(Config\Paths))
CRITICAL - 2025-10-29 12:23:59 --> [Caused by] CodeIgniter\Database\Exceptions\DatabaseException: Unknown column 'uploaded_by' in 'where clause'
in SYSTEMPATH\Database\MySQLi\Connection.php on line 332.
 1 SYSTEMPATH\Database\BaseConnection.php(729): CodeIgniter\Database\MySQLi\Connection->execute('SELECT *
FROM `materials`
WHERE `uploaded_by` = \'4\'
ORDER BY `created_at` DESC')
 2 SYSTEMPATH\Database\BaseConnection.php(646): CodeIgniter\Database\BaseConnection->simpleQuery('SELECT *
FROM `materials`
WHERE `uploaded_by` = \'4\'
ORDER BY `created_at` DESC')
 3 SYSTEMPATH\Database\BaseBuilder.php(1649): CodeIgniter\Database\BaseConnection->query('SELECT *
FROM `materials`
WHERE `uploaded_by` = :uploaded_by:
ORDER BY `created_at` DESC', [...], false)
 4 SYSTEMPATH\Model.php(286): CodeIgniter\Database\BaseBuilder->get()
 5 SYSTEMPATH\BaseModel.php(677): CodeIgniter\Model->doFindAll(0, 0)
 6 APPPATH\Controllers\Auth.php(131): CodeIgniter\BaseModel->findAll()
 7 SYSTEMPATH\CodeIgniter.php(933): App\Controllers\Auth->dashboard()
 8 SYSTEMPATH\CodeIgniter.php(507): CodeIgniter\CodeIgniter->runController(Object(App\Controllers\Auth))
 9 SYSTEMPATH\CodeIgniter.php(354): CodeIgniter\CodeIgniter->handleRequest(null, Object(Config\Cache), false)
10 SYSTEMPATH\Boot.php(363): CodeIgniter\CodeIgniter->run()
11 SYSTEMPATH\Boot.php(68): CodeIgniter\Boot::runCodeIgniter(Object(CodeIgniter\CodeIgniter))
12 FCPATH\index.php(59): CodeIgniter\Boot::bootWeb(Object(Config\Paths))
CRITICAL - 2025-10-29 12:23:59 --> [Caused by] mysqli_sql_exception: Unknown column 'uploaded_by' in 'where clause'
in SYSTEMPATH\Database\MySQLi\Connection.php on line 327.
 1 SYSTEMPATH\Database\MySQLi\Connection.php(327): mysqli->query('SELECT *
FROM `materials`
WHERE `uploaded_by` = \'4\'
ORDER BY `created_at` DESC', 0)
 2 SYSTEMPATH\Database\BaseConnection.php(729): CodeIgniter\Database\MySQLi\Connection->execute('SELECT *
FROM `materials`
WHERE `uploaded_by` = \'4\'
ORDER BY `created_at` DESC')
 3 SYSTEMPATH\Database\BaseConnection.php(646): CodeIgniter\Database\BaseConnection->simpleQuery('SELECT *
FROM `materials`
WHERE `uploaded_by` = \'4\'
ORDER BY `created_at` DESC')
 4 SYSTEMPATH\Database\BaseBuilder.php(1649): CodeIgniter\Database\BaseConnection->query('SELECT *
FROM `materials`
WHERE `uploaded_by` = :uploaded_by:
ORDER BY `created_at` DESC', [...], false)
 5 SYSTEMPATH\Model.php(286): CodeIgniter\Database\BaseBuilder->get()
 6 SYSTEMPATH\BaseModel.php(677): CodeIgniter\Model->doFindAll(0, 0)
 7 APPPATH\Controllers\Auth.php(131): CodeIgniter\BaseModel->findAll()
 8 SYSTEMPATH\CodeIgniter.php(933): App\Controllers\Auth->dashboard()
 9 SYSTEMPATH\CodeIgniter.php(507): CodeIgniter\CodeIgniter->runController(Object(App\Controllers\Auth))
10 SYSTEMPATH\CodeIgniter.php(354): CodeIgniter\CodeIgniter->handleRequest(null, Object(Config\Cache), false)
11 SYSTEMPATH\Boot.php(363): CodeIgniter\CodeIgniter->run()
12 SYSTEMPATH\Boot.php(68): CodeIgniter\Boot::runCodeIgniter(Object(CodeIgniter\CodeIgniter))
13 FCPATH\index.php(59): CodeIgniter\Boot::bootWeb(Object(Config\Paths))
DEBUG - 2025-10-29 12:25:42 --> Session: Class initialized using 'CodeIgniter\Session\Handlers\FileHandler' driver.
ERROR - 2025-10-29 12:25:42 --> mysqli_sql_exception: Unknown column 'uploaded_by' in 'where clause' in C:\xampp\htdocs\ITE311-VEROLA\system\Database\MySQLi\Connection.php:327
Stack trace:
#0 C:\xampp\htdocs\ITE311-VEROLA\system\Database\MySQLi\Connection.php(327): mysqli->query('SELECT *\nFROM `...', 0)
#1 C:\xampp\htdocs\ITE311-VEROLA\system\Database\BaseConnection.php(729): CodeIgniter\Database\MySQLi\Connection->execute('SELECT *\nFROM `...')
#2 C:\xampp\htdocs\ITE311-VEROLA\system\Database\BaseConnection.php(646): CodeIgniter\Database\BaseConnection->simpleQuery('SELECT *\nFROM `...')
#3 C:\xampp\htdocs\ITE311-VEROLA\system\Database\BaseBuilder.php(1649): CodeIgniter\Database\BaseConnection->query('SELECT *\nFROM `...', Array, false)
#4 C:\xampp\htdocs\ITE311-VEROLA\system\Model.php(286): CodeIgniter\Database\BaseBuilder->get()
#5 C:\xampp\htdocs\ITE311-VEROLA\system\BaseModel.php(677): CodeIgniter\Model->doFindAll(0, 0)
#6 C:\xampp\htdocs\ITE311-VEROLA\app\Controllers\Auth.php(131): CodeIgniter\BaseModel->findAll()
#7 C:\xampp\htdocs\ITE311-VEROLA\system\CodeIgniter.php(933): App\Controllers\Auth->dashboard()
#8 C:\xampp\htdocs\ITE311-VEROLA\system\CodeIgniter.php(507): CodeIgniter\CodeIgniter->runController(Object(App\Controllers\Auth))
#9 C:\xampp\htdocs\ITE311-VEROLA\system\CodeIgniter.php(354): CodeIgniter\CodeIgniter->handleRequest(NULL, Object(Config\Cache), false)
#10 C:\xampp\htdocs\ITE311-VEROLA\system\Boot.php(363): CodeIgniter\CodeIgniter->run()
#11 C:\xampp\htdocs\ITE311-VEROLA\system\Boot.php(68): CodeIgniter\Boot::runCodeIgniter(Object(CodeIgniter\CodeIgniter))
#12 C:\xampp\htdocs\ITE311-VEROLA\index.php(59): CodeIgniter\Boot::bootWeb(Object(Config\Paths))
#13 {main}
CRITICAL - 2025-10-29 12:25:42 --> CodeIgniter\Database\Exceptions\DatabaseException: Unknown column 'uploaded_by' in 'where clause'
[Method: GET, Route: dashboard]
in SYSTEMPATH\Database\BaseConnection.php on line 684.
 1 SYSTEMPATH\Database\BaseBuilder.php(1649): CodeIgniter\Database\BaseConnection->query('SELECT *
FROM `materials`
WHERE `uploaded_by` = :uploaded_by:
ORDER BY `created_at` DESC', [...], false)
 2 SYSTEMPATH\Model.php(286): CodeIgniter\Database\BaseBuilder->get()
 3 SYSTEMPATH\BaseModel.php(677): CodeIgniter\Model->doFindAll(0, 0)
 4 APPPATH\Controllers\Auth.php(131): CodeIgniter\BaseModel->findAll()
 5 SYSTEMPATH\CodeIgniter.php(933): App\Controllers\Auth->dashboard()
 6 SYSTEMPATH\CodeIgniter.php(507): CodeIgniter\CodeIgniter->runController(Object(App\Controllers\Auth))
 7 SYSTEMPATH\CodeIgniter.php(354): CodeIgniter\CodeIgniter->handleRequest(null, Object(Config\Cache), false)
 8 SYSTEMPATH\Boot.php(363): CodeIgniter\CodeIgniter->run()
 9 SYSTEMPATH\Boot.php(68): CodeIgniter\Boot::runCodeIgniter(Object(CodeIgniter\CodeIgniter))
10 FCPATH\index.php(59): CodeIgniter\Boot::bootWeb(Object(Config\Paths))
CRITICAL - 2025-10-29 12:25:42 --> [Caused by] CodeIgniter\Database\Exceptions\DatabaseException: Unknown column 'uploaded_by' in 'where clause'
in SYSTEMPATH\Database\MySQLi\Connection.php on line 332.
 1 SYSTEMPATH\Database\BaseConnection.php(729): CodeIgniter\Database\MySQLi\Connection->execute('SELECT *
FROM `materials`
WHERE `uploaded_by` = \'4\'
ORDER BY `created_at` DESC')
 2 SYSTEMPATH\Database\BaseConnection.php(646): CodeIgniter\Database\BaseConnection->simpleQuery('SELECT *
FROM `materials`
WHERE `uploaded_by` = \'4\'
ORDER BY `created_at` DESC')
 3 SYSTEMPATH\Database\BaseBuilder.php(1649): CodeIgniter\Database\BaseConnection->query('SELECT *
FROM `materials`
WHERE `uploaded_by` = :uploaded_by:
ORDER BY `created_at` DESC', [...], false)
 4 SYSTEMPATH\Model.php(286): CodeIgniter\Database\BaseBuilder->get()
 5 SYSTEMPATH\BaseModel.php(677): CodeIgniter\Model->doFindAll(0, 0)
 6 APPPATH\Controllers\Auth.php(131): CodeIgniter\BaseModel->findAll()
 7 SYSTEMPATH\CodeIgniter.php(933): App\Controllers\Auth->dashboard()
 8 SYSTEMPATH\CodeIgniter.php(507): CodeIgniter\CodeIgniter->runController(Object(App\Controllers\Auth))
 9 SYSTEMPATH\CodeIgniter.php(354): CodeIgniter\CodeIgniter->handleRequest(null, Object(Config\Cache), false)
10 SYSTEMPATH\Boot.php(363): CodeIgniter\CodeIgniter->run()
11 SYSTEMPATH\Boot.php(68): CodeIgniter\Boot::runCodeIgniter(Object(CodeIgniter\CodeIgniter))
12 FCPATH\index.php(59): CodeIgniter\Boot::bootWeb(Object(Config\Paths))
CRITICAL - 2025-10-29 12:25:42 --> [Caused by] mysqli_sql_exception: Unknown column 'uploaded_by' in 'where clause'
in SYSTEMPATH\Database\MySQLi\Connection.php on line 327.
 1 SYSTEMPATH\Database\MySQLi\Connection.php(327): mysqli->query('SELECT *
FROM `materials`
WHERE `uploaded_by` = \'4\'
ORDER BY `created_at` DESC', 0)
 2 SYSTEMPATH\Database\BaseConnection.php(729): CodeIgniter\Database\MySQLi\Connection->execute('SELECT *
FROM `materials`
WHERE `uploaded_by` = \'4\'
ORDER BY `created_at` DESC')
 3 SYSTEMPATH\Database\BaseConnection.php(646): CodeIgniter\Database\BaseConnection->simpleQuery('SELECT *
FROM `materials`
WHERE `uploaded_by` = \'4\'
ORDER BY `created_at` DESC')
 4 SYSTEMPATH\Database\BaseBuilder.php(1649): CodeIgniter\Database\BaseConnection->query('SELECT *
FROM `materials`
WHERE `uploaded_by` = :uploaded_by:
ORDER BY `created_at` DESC', [...], false)
 5 SYSTEMPATH\Model.php(286): CodeIgniter\Database\BaseBuilder->get()
 6 SYSTEMPATH\BaseModel.php(677): CodeIgniter\Model->doFindAll(0, 0)
 7 APPPATH\Controllers\Auth.php(131): CodeIgniter\BaseModel->findAll()
 8 SYSTEMPATH\CodeIgniter.php(933): App\Controllers\Auth->dashboard()
 9 SYSTEMPATH\CodeIgniter.php(507): CodeIgniter\CodeIgniter->runController(Object(App\Controllers\Auth))
10 SYSTEMPATH\CodeIgniter.php(354): CodeIgniter\CodeIgniter->handleRequest(null, Object(Config\Cache), false)
11 SYSTEMPATH\Boot.php(363): CodeIgniter\CodeIgniter->run()
12 SYSTEMPATH\Boot.php(68): CodeIgniter\Boot::runCodeIgniter(Object(CodeIgniter\CodeIgniter))
13 FCPATH\index.php(59): CodeIgniter\Boot::bootWeb(Object(Config\Paths))
DEBUG - 2025-10-29 12:29:02 --> Session: Class initialized using 'CodeIgniter\Session\Handlers\FileHandler' driver.
ERROR - 2025-10-29 12:29:02 --> mysqli_sql_exception: Unknown column 'uploaded_by' in 'where clause' in C:\xampp\htdocs\ITE311-VEROLA\system\Database\MySQLi\Connection.php:327
Stack trace:
#0 C:\xampp\htdocs\ITE311-VEROLA\system\Database\MySQLi\Connection.php(327): mysqli->query('SELECT *\nFROM `...', 0)
#1 C:\xampp\htdocs\ITE311-VEROLA\system\Database\BaseConnection.php(729): CodeIgniter\Database\MySQLi\Connection->execute('SELECT *\nFROM `...')
#2 C:\xampp\htdocs\ITE311-VEROLA\system\Database\BaseConnection.php(646): CodeIgniter\Database\BaseConnection->simpleQuery('SELECT *\nFROM `...')
#3 C:\xampp\htdocs\ITE311-VEROLA\system\Database\BaseBuilder.php(1649): CodeIgniter\Database\BaseConnection->query('SELECT *\nFROM `...', Array, false)
#4 C:\xampp\htdocs\ITE311-VEROLA\system\Model.php(286): CodeIgniter\Database\BaseBuilder->get()
#5 C:\xampp\htdocs\ITE311-VEROLA\system\BaseModel.php(677): CodeIgniter\Model->doFindAll(0, 0)
#6 C:\xampp\htdocs\ITE311-VEROLA\app\Controllers\Auth.php(131): CodeIgniter\BaseModel->findAll()
#7 C:\xampp\htdocs\ITE311-VEROLA\system\CodeIgniter.php(933): App\Controllers\Auth->dashboard()
#8 C:\xampp\htdocs\ITE311-VEROLA\system\CodeIgniter.php(507): CodeIgniter\CodeIgniter->runController(Object(App\Controllers\Auth))
#9 C:\xampp\htdocs\ITE311-VEROLA\system\CodeIgniter.php(354): CodeIgniter\CodeIgniter->handleRequest(NULL, Object(Config\Cache), false)
#10 C:\xampp\htdocs\ITE311-VEROLA\system\Boot.php(363): CodeIgniter\CodeIgniter->run()
#11 C:\xampp\htdocs\ITE311-VEROLA\system\Boot.php(68): CodeIgniter\Boot::runCodeIgniter(Object(CodeIgniter\CodeIgniter))
#12 C:\xampp\htdocs\ITE311-VEROLA\index.php(59): CodeIgniter\Boot::bootWeb(Object(Config\Paths))
#13 {main}
CRITICAL - 2025-10-29 12:29:02 --> CodeIgniter\Database\Exceptions\DatabaseException: Unknown column 'uploaded_by' in 'where clause'
[Method: GET, Route: dashboard]
in SYSTEMPATH\Database\BaseConnection.php on line 684.
 1 SYSTEMPATH\Database\BaseBuilder.php(1649): CodeIgniter\Database\BaseConnection->query('SELECT *
FROM `materials`
WHERE `uploaded_by` = :uploaded_by:
ORDER BY `created_at` DESC', [...], false)
 2 SYSTEMPATH\Model.php(286): CodeIgniter\Database\BaseBuilder->get()
 3 SYSTEMPATH\BaseModel.php(677): CodeIgniter\Model->doFindAll(0, 0)
 4 APPPATH\Controllers\Auth.php(131): CodeIgniter\BaseModel->findAll()
 5 SYSTEMPATH\CodeIgniter.php(933): App\Controllers\Auth->dashboard()
 6 SYSTEMPATH\CodeIgniter.php(507): CodeIgniter\CodeIgniter->runController(Object(App\Controllers\Auth))
 7 SYSTEMPATH\CodeIgniter.php(354): CodeIgniter\CodeIgniter->handleRequest(null, Object(Config\Cache), false)
 8 SYSTEMPATH\Boot.php(363): CodeIgniter\CodeIgniter->run()
 9 SYSTEMPATH\Boot.php(68): CodeIgniter\Boot::runCodeIgniter(Object(CodeIgniter\CodeIgniter))
10 FCPATH\index.php(59): CodeIgniter\Boot::bootWeb(Object(Config\Paths))
CRITICAL - 2025-10-29 12:29:02 --> [Caused by] CodeIgniter\Database\Exceptions\DatabaseException: Unknown column 'uploaded_by' in 'where clause'
in SYSTEMPATH\Database\MySQLi\Connection.php on line 332.
 1 SYSTEMPATH\Database\BaseConnection.php(729): CodeIgniter\Database\MySQLi\Connection->execute('SELECT *
FROM `materials`
WHERE `uploaded_by` = \'4\'
ORDER BY `created_at` DESC')
 2 SYSTEMPATH\Database\BaseConnection.php(646): CodeIgniter\Database\BaseConnection->simpleQuery('SELECT *
FROM `materials`
WHERE `uploaded_by` = \'4\'
ORDER BY `created_at` DESC')
 3 SYSTEMPATH\Database\BaseBuilder.php(1649): CodeIgniter\Database\BaseConnection->query('SELECT *
FROM `materials`
WHERE `uploaded_by` = :uploaded_by:
ORDER BY `created_at` DESC', [...], false)
 4 SYSTEMPATH\Model.php(286): CodeIgniter\Database\BaseBuilder->get()
 5 SYSTEMPATH\BaseModel.php(677): CodeIgniter\Model->doFindAll(0, 0)
 6 APPPATH\Controllers\Auth.php(131): CodeIgniter\BaseModel->findAll()
 7 SYSTEMPATH\CodeIgniter.php(933): App\Controllers\Auth->dashboard()
 8 SYSTEMPATH\CodeIgniter.php(507): CodeIgniter\CodeIgniter->runController(Object(App\Controllers\Auth))
 9 SYSTEMPATH\CodeIgniter.php(354): CodeIgniter\CodeIgniter->handleRequest(null, Object(Config\Cache), false)
10 SYSTEMPATH\Boot.php(363): CodeIgniter\CodeIgniter->run()
11 SYSTEMPATH\Boot.php(68): CodeIgniter\Boot::runCodeIgniter(Object(CodeIgniter\CodeIgniter))
12 FCPATH\index.php(59): CodeIgniter\Boot::bootWeb(Object(Config\Paths))
CRITICAL - 2025-10-29 12:29:02 --> [Caused by] mysqli_sql_exception: Unknown column 'uploaded_by' in 'where clause'
in SYSTEMPATH\Database\MySQLi\Connection.php on line 327.
 1 SYSTEMPATH\Database\MySQLi\Connection.php(327): mysqli->query('SELECT *
FROM `materials`
WHERE `uploaded_by` = \'4\'
ORDER BY `created_at` DESC', 0)
 2 SYSTEMPATH\Database\BaseConnection.php(729): CodeIgniter\Database\MySQLi\Connection->execute('SELECT *
FROM `materials`
WHERE `uploaded_by` = \'4\'
ORDER BY `created_at` DESC')
 3 SYSTEMPATH\Database\BaseConnection.php(646): CodeIgniter\Database\BaseConnection->simpleQuery('SELECT *
FROM `materials`
WHERE `uploaded_by` = \'4\'
ORDER BY `created_at` DESC')
 4 SYSTEMPATH\Database\BaseBuilder.php(1649): CodeIgniter\Database\BaseConnection->query('SELECT *
FROM `materials`
WHERE `uploaded_by` = :uploaded_by:
ORDER BY `created_at` DESC', [...], false)
 5 SYSTEMPATH\Model.php(286): CodeIgniter\Database\BaseBuilder->get()
 6 SYSTEMPATH\BaseModel.php(677): CodeIgniter\Model->doFindAll(0, 0)
 7 APPPATH\Controllers\Auth.php(131): CodeIgniter\BaseModel->findAll()
 8 SYSTEMPATH\CodeIgniter.php(933): App\Controllers\Auth->dashboard()
 9 SYSTEMPATH\CodeIgniter.php(507): CodeIgniter\CodeIgniter->runController(Object(App\Controllers\Auth))
10 SYSTEMPATH\CodeIgniter.php(354): CodeIgniter\CodeIgniter->handleRequest(null, Object(Config\Cache), false)
11 SYSTEMPATH\Boot.php(363): CodeIgniter\CodeIgniter->run()
12 SYSTEMPATH\Boot.php(68): CodeIgniter\Boot::runCodeIgniter(Object(CodeIgniter\CodeIgniter))
13 FCPATH\index.php(59): CodeIgniter\Boot::bootWeb(Object(Config\Paths))
DEBUG - 2025-10-29 12:30:32 --> Session: Class initialized using 'CodeIgniter\Session\Handlers\FileHandler' driver.
ERROR - 2025-10-29 12:30:32 --> mysqli_sql_exception: Unknown column 'uploaded_by' in 'where clause' in C:\xampp\htdocs\ITE311-VEROLA\system\Database\MySQLi\Connection.php:327
Stack trace:
#0 C:\xampp\htdocs\ITE311-VEROLA\system\Database\MySQLi\Connection.php(327): mysqli->query('SELECT *\nFROM `...', 0)
#1 C:\xampp\htdocs\ITE311-VEROLA\system\Database\BaseConnection.php(729): CodeIgniter\Database\MySQLi\Connection->execute('SELECT *\nFROM `...')
#2 C:\xampp\htdocs\ITE311-VEROLA\system\Database\BaseConnection.php(646): CodeIgniter\Database\BaseConnection->simpleQuery('SELECT *\nFROM `...')
#3 C:\xampp\htdocs\ITE311-VEROLA\system\Database\BaseBuilder.php(1649): CodeIgniter\Database\BaseConnection->query('SELECT *\nFROM `...', Array, false)
#4 C:\xampp\htdocs\ITE311-VEROLA\system\Model.php(286): CodeIgniter\Database\BaseBuilder->get()
#5 C:\xampp\htdocs\ITE311-VEROLA\system\BaseModel.php(677): CodeIgniter\Model->doFindAll(0, 0)
#6 C:\xampp\htdocs\ITE311-VEROLA\app\Controllers\Auth.php(131): CodeIgniter\BaseModel->findAll()
#7 C:\xampp\htdocs\ITE311-VEROLA\system\CodeIgniter.php(933): App\Controllers\Auth->dashboard()
#8 C:\xampp\htdocs\ITE311-VEROLA\system\CodeIgniter.php(507): CodeIgniter\CodeIgniter->runController(Object(App\Controllers\Auth))
#9 C:\xampp\htdocs\ITE311-VEROLA\system\CodeIgniter.php(354): CodeIgniter\CodeIgniter->handleRequest(NULL, Object(Config\Cache), false)
#10 C:\xampp\htdocs\ITE311-VEROLA\system\Boot.php(363): CodeIgniter\CodeIgniter->run()
#11 C:\xampp\htdocs\ITE311-VEROLA\system\Boot.php(68): CodeIgniter\Boot::runCodeIgniter(Object(CodeIgniter\CodeIgniter))
#12 C:\xampp\htdocs\ITE311-VEROLA\index.php(59): CodeIgniter\Boot::bootWeb(Object(Config\Paths))
#13 {main}
CRITICAL - 2025-10-29 12:30:32 --> CodeIgniter\Database\Exceptions\DatabaseException: Unknown column 'uploaded_by' in 'where clause'
[Method: GET, Route: dashboard]
in SYSTEMPATH\Database\BaseConnection.php on line 684.
 1 SYSTEMPATH\Database\BaseBuilder.php(1649): CodeIgniter\Database\BaseConnection->query('SELECT *
FROM `materials`
WHERE `uploaded_by` = :uploaded_by:
ORDER BY `created_at` DESC', [...], false)
 2 SYSTEMPATH\Model.php(286): CodeIgniter\Database\BaseBuilder->get()
 3 SYSTEMPATH\BaseModel.php(677): CodeIgniter\Model->doFindAll(0, 0)
 4 APPPATH\Controllers\Auth.php(131): CodeIgniter\BaseModel->findAll()
 5 SYSTEMPATH\CodeIgniter.php(933): App\Controllers\Auth->dashboard()
 6 SYSTEMPATH\CodeIgniter.php(507): CodeIgniter\CodeIgniter->runController(Object(App\Controllers\Auth))
 7 SYSTEMPATH\CodeIgniter.php(354): CodeIgniter\CodeIgniter->handleRequest(null, Object(Config\Cache), false)
 8 SYSTEMPATH\Boot.php(363): CodeIgniter\CodeIgniter->run()
 9 SYSTEMPATH\Boot.php(68): CodeIgniter\Boot::runCodeIgniter(Object(CodeIgniter\CodeIgniter))
10 FCPATH\index.php(59): CodeIgniter\Boot::bootWeb(Object(Config\Paths))
CRITICAL - 2025-10-29 12:30:32 --> [Caused by] CodeIgniter\Database\Exceptions\DatabaseException: Unknown column 'uploaded_by' in 'where clause'
in SYSTEMPATH\Database\MySQLi\Connection.php on line 332.
 1 SYSTEMPATH\Database\BaseConnection.php(729): CodeIgniter\Database\MySQLi\Connection->execute('SELECT *
FROM `materials`
WHERE `uploaded_by` = \'4\'
ORDER BY `created_at` DESC')
 2 SYSTEMPATH\Database\BaseConnection.php(646): CodeIgniter\Database\BaseConnection->simpleQuery('SELECT *
FROM `materials`
WHERE `uploaded_by` = \'4\'
ORDER BY `created_at` DESC')
 3 SYSTEMPATH\Database\BaseBuilder.php(1649): CodeIgniter\Database\BaseConnection->query('SELECT *
FROM `materials`
WHERE `uploaded_by` = :uploaded_by:
ORDER BY `created_at` DESC', [...], false)
 4 SYSTEMPATH\Model.php(286): CodeIgniter\Database\BaseBuilder->get()
 5 SYSTEMPATH\BaseModel.php(677): CodeIgniter\Model->doFindAll(0, 0)
 6 APPPATH\Controllers\Auth.php(131): CodeIgniter\BaseModel->findAll()
 7 SYSTEMPATH\CodeIgniter.php(933): App\Controllers\Auth->dashboard()
 8 SYSTEMPATH\CodeIgniter.php(507): CodeIgniter\CodeIgniter->runController(Object(App\Controllers\Auth))
 9 SYSTEMPATH\CodeIgniter.php(354): CodeIgniter\CodeIgniter->handleRequest(null, Object(Config\Cache), false)
10 SYSTEMPATH\Boot.php(363): CodeIgniter\CodeIgniter->run()
11 SYSTEMPATH\Boot.php(68): CodeIgniter\Boot::runCodeIgniter(Object(CodeIgniter\CodeIgniter))
12 FCPATH\index.php(59): CodeIgniter\Boot::bootWeb(Object(Config\Paths))
CRITICAL - 2025-10-29 12:30:32 --> [Caused by] mysqli_sql_exception: Unknown column 'uploaded_by' in 'where clause'
in SYSTEMPATH\Database\MySQLi\Connection.php on line 327.
 1 SYSTEMPATH\Database\MySQLi\Connection.php(327): mysqli->query('SELECT *
FROM `materials`
WHERE `uploaded_by` = \'4\'
ORDER BY `created_at` DESC', 0)
 2 SYSTEMPATH\Database\BaseConnection.php(729): CodeIgniter\Database\MySQLi\Connection->execute('SELECT *
FROM `materials`
WHERE `uploaded_by` = \'4\'
ORDER BY `created_at` DESC')
 3 SYSTEMPATH\Database\BaseConnection.php(646): CodeIgniter\Database\BaseConnection->simpleQuery('SELECT *
FROM `materials`
WHERE `uploaded_by` = \'4\'
ORDER BY `created_at` DESC')
 4 SYSTEMPATH\Database\BaseBuilder.php(1649): CodeIgniter\Database\BaseConnection->query('SELECT *
FROM `materials`
WHERE `uploaded_by` = :uploaded_by:
ORDER BY `created_at` DESC', [...], false)
 5 SYSTEMPATH\Model.php(286): CodeIgniter\Database\BaseBuilder->get()
 6 SYSTEMPATH\BaseModel.php(677): CodeIgniter\Model->doFindAll(0, 0)
 7 APPPATH\Controllers\Auth.php(131): CodeIgniter\BaseModel->findAll()
 8 SYSTEMPATH\CodeIgniter.php(933): App\Controllers\Auth->dashboard()
 9 SYSTEMPATH\CodeIgniter.php(507): CodeIgniter\CodeIgniter->runController(Object(App\Controllers\Auth))
10 SYSTEMPATH\CodeIgniter.php(354): CodeIgniter\CodeIgniter->handleRequest(null, Object(Config\Cache), false)
11 SYSTEMPATH\Boot.php(363): CodeIgniter\CodeIgniter->run()
12 SYSTEMPATH\Boot.php(68): CodeIgniter\Boot::runCodeIgniter(Object(CodeIgniter\CodeIgniter))
13 FCPATH\index.php(59): CodeIgniter\Boot::bootWeb(Object(Config\Paths))
DEBUG - 2025-10-29 12:37:15 --> Session: Class initialized using 'CodeIgniter\Session\Handlers\FileHandler' driver.
DEBUG - 2025-10-29 12:37:38 --> Session: Class initialized using 'CodeIgniter\Session\Handlers\FileHandler' driver.
DEBUG - 2025-10-29 12:38:44 --> Session: Class initialized using 'CodeIgniter\Session\Handlers\FileHandler' driver.
ERROR - 2025-10-29 12:38:44 --> mysqli_sql_exception: Cannot add or update a child row: a foreign key constraint fails (`lms_verola`.`materials`, CONSTRAINT `materials_uploaded_by_foreign` FOREIGN KEY (`uploaded_by`) REFERENCES `users` (`id`) ON DELETE CASCADE ON UPDATE CASCADE) in C:\xampp\htdocs\ITE311-VEROLA\system\Database\MySQLi\Connection.php:327
Stack trace:
#0 C:\xampp\htdocs\ITE311-VEROLA\system\Database\MySQLi\Connection.php(327): mysqli->query('INSERT INTO `ma...', 0)
#1 C:\xampp\htdocs\ITE311-VEROLA\system\Database\BaseConnection.php(729): CodeIgniter\Database\MySQLi\Connection->execute('INSERT INTO `ma...')
#2 C:\xampp\htdocs\ITE311-VEROLA\system\Database\BaseConnection.php(646): CodeIgniter\Database\BaseConnection->simpleQuery('INSERT INTO `ma...')
#3 C:\xampp\htdocs\ITE311-VEROLA\system\Database\BaseBuilder.php(2345): CodeIgniter\Database\BaseConnection->query('INSERT INTO `ma...', Array, false)
#4 C:\xampp\htdocs\ITE311-VEROLA\system\Model.php(394): CodeIgniter\Database\BaseBuilder->insert()
#5 C:\xampp\htdocs\ITE311-VEROLA\system\BaseModel.php(838): CodeIgniter\Model->doInsert(Array)
#6 C:\xampp\htdocs\ITE311-VEROLA\system\Model.php(797): CodeIgniter\BaseModel->insert(Array, true)
#7 C:\xampp\htdocs\ITE311-VEROLA\app\Controllers\Materials.php(80): CodeIgniter\Model->insert(Array)
#8 C:\xampp\htdocs\ITE311-VEROLA\system\CodeIgniter.php(933): App\Controllers\Materials->upload('8')
#9 C:\xampp\htdocs\ITE311-VEROLA\system\CodeIgniter.php(507): CodeIgniter\CodeIgniter->runController(Object(App\Controllers\Materials))
#10 C:\xampp\htdocs\ITE311-VEROLA\system\CodeIgniter.php(354): CodeIgniter\CodeIgniter->handleRequest(NULL, Object(Config\Cache), false)
#11 C:\xampp\htdocs\ITE311-VEROLA\system\Boot.php(363): CodeIgniter\CodeIgniter->run()
#12 C:\xampp\htdocs\ITE311-VEROLA\system\Boot.php(68): CodeIgniter\Boot::runCodeIgniter(Object(CodeIgniter\CodeIgniter))
#13 C:\xampp\htdocs\ITE311-VEROLA\index.php(59): CodeIgniter\Boot::bootWeb(Object(Config\Paths))
#14 {main}
CRITICAL - 2025-10-29 12:38:44 --> CodeIgniter\Database\Exceptions\DatabaseException: Cannot add or update a child row: a foreign key constraint fails (`lms_verola`.`materials`, CONSTRAINT `materials_uploaded_by_foreign` FOREIGN KEY (`uploaded_by`) REFERENCES `users` (`id`) ON DELETE CASCADE ON UPDATE CASCADE)
[Method: POST, Route: admin/course/8/upload]
in SYSTEMPATH\Database\BaseConnection.php on line 684.
 1 SYSTEMPATH\Database\BaseBuilder.php(2345): CodeIgniter\Database\BaseConnection->query('INSERT INTO `materials` (`course_id`, `file_name`, `file_path`, `uploaded_by`, `created_at`) VALUES (:course_id:, :file_name:, :file_path:, :uploaded_by:, :created_at:)', [...], false)
 2 SYSTEMPATH\Model.php(394): CodeIgniter\Database\BaseBuilder->insert()
 3 SYSTEMPATH\BaseModel.php(838): CodeIgniter\Model->doInsert([...])
 4 SYSTEMPATH\Model.php(797): CodeIgniter\BaseModel->insert([...], true)
 5 APPPATH\Controllers\Materials.php(80): CodeIgniter\Model->insert([...])
 6 SYSTEMPATH\CodeIgniter.php(933): App\Controllers\Materials->upload('8')
 7 SYSTEMPATH\CodeIgniter.php(507): CodeIgniter\CodeIgniter->runController(Object(App\Controllers\Materials))
 8 SYSTEMPATH\CodeIgniter.php(354): CodeIgniter\CodeIgniter->handleRequest(null, Object(Config\Cache), false)
 9 SYSTEMPATH\Boot.php(363): CodeIgniter\CodeIgniter->run()
10 SYSTEMPATH\Boot.php(68): CodeIgniter\Boot::runCodeIgniter(Object(CodeIgniter\CodeIgniter))
11 FCPATH\index.php(59): CodeIgniter\Boot::bootWeb(Object(Config\Paths))
CRITICAL - 2025-10-29 12:38:44 --> [Caused by] CodeIgniter\Database\Exceptions\DatabaseException: Cannot add or update a child row: a foreign key constraint fails (`lms_verola`.`materials`, CONSTRAINT `materials_uploaded_by_foreign` FOREIGN KEY (`uploaded_by`) REFERENCES `users` (`id`) ON DELETE CASCADE ON UPDATE CASCADE)
in SYSTEMPATH\Database\MySQLi\Connection.php on line 332.
 1 SYSTEMPATH\Database\BaseConnection.php(729): CodeIgniter\Database\MySQLi\Connection->execute('INSERT INTO `materials` (`course_id`, `file_name`, `file_path`, `uploaded_by`, `created_at`) VALUES (\'8\', \'LESSON 1.pptx\', \'uploads/materials/1761741524_97e036d39b30bf8edfa8.pptx\', \'Jim Jamero\', \'2025-10-29 12:38:44\')')
 2 SYSTEMPATH\Database\BaseConnection.php(646): CodeIgniter\Database\BaseConnection->simpleQuery('INSERT INTO `materials` (`course_id`, `file_name`, `file_path`, `uploaded_by`, `created_at`) VALUES (\'8\', \'LESSON 1.pptx\', \'uploads/materials/1761741524_97e036d39b30bf8edfa8.pptx\', \'Jim Jamero\', \'2025-10-29 12:38:44\')')
 3 SYSTEMPATH\Database\BaseBuilder.php(2345): CodeIgniter\Database\BaseConnection->query('INSERT INTO `materials` (`course_id`, `file_name`, `file_path`, `uploaded_by`, `created_at`) VALUES (:course_id:, :file_name:, :file_path:, :uploaded_by:, :created_at:)', [...], false)
 4 SYSTEMPATH\Model.php(394): CodeIgniter\Database\BaseBuilder->insert()
 5 SYSTEMPATH\BaseModel.php(838): CodeIgniter\Model->doInsert([...])
 6 SYSTEMPATH\Model.php(797): CodeIgniter\BaseModel->insert([...], true)
 7 APPPATH\Controllers\Materials.php(80): CodeIgniter\Model->insert([...])
 8 SYSTEMPATH\CodeIgniter.php(933): App\Controllers\Materials->upload('8')
 9 SYSTEMPATH\CodeIgniter.php(507): CodeIgniter\CodeIgniter->runController(Object(App\Controllers\Materials))
10 SYSTEMPATH\CodeIgniter.php(354): CodeIgniter\CodeIgniter->handleRequest(null, Object(Config\Cache), false)
11 SYSTEMPATH\Boot.php(363): CodeIgniter\CodeIgniter->run()
12 SYSTEMPATH\Boot.php(68): CodeIgniter\Boot::runCodeIgniter(Object(CodeIgniter\CodeIgniter))
13 FCPATH\index.php(59): CodeIgniter\Boot::bootWeb(Object(Config\Paths))
CRITICAL - 2025-10-29 12:38:44 --> [Caused by] mysqli_sql_exception: Cannot add or update a child row: a foreign key constraint fails (`lms_verola`.`materials`, CONSTRAINT `materials_uploaded_by_foreign` FOREIGN KEY (`uploaded_by`) REFERENCES `users` (`id`) ON DELETE CASCADE ON UPDATE CASCADE)
in SYSTEMPATH\Database\MySQLi\Connection.php on line 327.
 1 SYSTEMPATH\Database\MySQLi\Connection.php(327): mysqli->query('INSERT INTO `materials` (`course_id`, `file_name`, `file_path`, `uploaded_by`, `created_at`) VALUES (\'8\', \'LESSON 1.pptx\', \'uploads/materials/1761741524_97e036d39b30bf8edfa8.pptx\', \'Jim Jamero\', \'2025-10-29 12:38:44\')', 0)
 2 SYSTEMPATH\Database\BaseConnection.php(729): CodeIgniter\Database\MySQLi\Connection->execute('INSERT INTO `materials` (`course_id`, `file_name`, `file_path`, `uploaded_by`, `created_at`) VALUES (\'8\', \'LESSON 1.pptx\', \'uploads/materials/1761741524_97e036d39b30bf8edfa8.pptx\', \'Jim Jamero\', \'2025-10-29 12:38:44\')')
 3 SYSTEMPATH\Database\BaseConnection.php(646): CodeIgniter\Database\BaseConnection->simpleQuery('INSERT INTO `materials` (`course_id`, `file_name`, `file_path`, `uploaded_by`, `created_at`) VALUES (\'8\', \'LESSON 1.pptx\', \'uploads/materials/1761741524_97e036d39b30bf8edfa8.pptx\', \'Jim Jamero\', \'2025-10-29 12:38:44\')')
 4 SYSTEMPATH\Database\BaseBuilder.php(2345): CodeIgniter\Database\BaseConnection->query('INSERT INTO `materials` (`course_id`, `file_name`, `file_path`, `uploaded_by`, `created_at`) VALUES (:course_id:, :file_name:, :file_path:, :uploaded_by:, :created_at:)', [...], false)
 5 SYSTEMPATH\Model.php(394): CodeIgniter\Database\BaseBuilder->insert()
 6 SYSTEMPATH\BaseModel.php(838): CodeIgniter\Model->doInsert([...])
 7 SYSTEMPATH\Model.php(797): CodeIgniter\BaseModel->insert([...], true)
 8 APPPATH\Controllers\Materials.php(80): CodeIgniter\Model->insert([...])
 9 SYSTEMPATH\CodeIgniter.php(933): App\Controllers\Materials->upload('8')
10 SYSTEMPATH\CodeIgniter.php(507): CodeIgniter\CodeIgniter->runController(Object(App\Controllers\Materials))
11 SYSTEMPATH\CodeIgniter.php(354): CodeIgniter\CodeIgniter->handleRequest(null, Object(Config\Cache), false)
12 SYSTEMPATH\Boot.php(363): CodeIgniter\CodeIgniter->run()
13 SYSTEMPATH\Boot.php(68): CodeIgniter\Boot::runCodeIgniter(Object(CodeIgniter\CodeIgniter))
14 FCPATH\index.php(59): CodeIgniter\Boot::bootWeb(Object(Config\Paths))
DEBUG - 2025-10-29 12:42:15 --> Session: Class initialized using 'CodeIgniter\Session\Handlers\FileHandler' driver.
ERROR - 2025-10-29 12:42:15 --> mysqli_sql_exception: Cannot add or update a child row: a foreign key constraint fails (`lms_verola`.`materials`, CONSTRAINT `materials_uploaded_by_foreign` FOREIGN KEY (`uploaded_by`) REFERENCES `users` (`id`) ON DELETE CASCADE ON UPDATE CASCADE) in C:\xampp\htdocs\ITE311-VEROLA\system\Database\MySQLi\Connection.php:327
Stack trace:
#0 C:\xampp\htdocs\ITE311-VEROLA\system\Database\MySQLi\Connection.php(327): mysqli->query('INSERT INTO `ma...', 0)
#1 C:\xampp\htdocs\ITE311-VEROLA\system\Database\BaseConnection.php(729): CodeIgniter\Database\MySQLi\Connection->execute('INSERT INTO `ma...')
#2 C:\xampp\htdocs\ITE311-VEROLA\system\Database\BaseConnection.php(646): CodeIgniter\Database\BaseConnection->simpleQuery('INSERT INTO `ma...')
#3 C:\xampp\htdocs\ITE311-VEROLA\system\Database\BaseBuilder.php(2345): CodeIgniter\Database\BaseConnection->query('INSERT INTO `ma...', Array, false)
#4 C:\xampp\htdocs\ITE311-VEROLA\system\Model.php(394): CodeIgniter\Database\BaseBuilder->insert()
#5 C:\xampp\htdocs\ITE311-VEROLA\system\BaseModel.php(838): CodeIgniter\Model->doInsert(Array)
#6 C:\xampp\htdocs\ITE311-VEROLA\system\Model.php(797): CodeIgniter\BaseModel->insert(Array, true)
#7 C:\xampp\htdocs\ITE311-VEROLA\app\Controllers\Materials.php(80): CodeIgniter\Model->insert(Array)
#8 C:\xampp\htdocs\ITE311-VEROLA\system\CodeIgniter.php(933): App\Controllers\Materials->upload('8')
#9 C:\xampp\htdocs\ITE311-VEROLA\system\CodeIgniter.php(507): CodeIgniter\CodeIgniter->runController(Object(App\Controllers\Materials))
#10 C:\xampp\htdocs\ITE311-VEROLA\system\CodeIgniter.php(354): CodeIgniter\CodeIgniter->handleRequest(NULL, Object(Config\Cache), false)
#11 C:\xampp\htdocs\ITE311-VEROLA\system\Boot.php(363): CodeIgniter\CodeIgniter->run()
#12 C:\xampp\htdocs\ITE311-VEROLA\system\Boot.php(68): CodeIgniter\Boot::runCodeIgniter(Object(CodeIgniter\CodeIgniter))
#13 C:\xampp\htdocs\ITE311-VEROLA\index.php(59): CodeIgniter\Boot::bootWeb(Object(Config\Paths))
#14 {main}
CRITICAL - 2025-10-29 12:42:15 --> CodeIgniter\Database\Exceptions\DatabaseException: Cannot add or update a child row: a foreign key constraint fails (`lms_verola`.`materials`, CONSTRAINT `materials_uploaded_by_foreign` FOREIGN KEY (`uploaded_by`) REFERENCES `users` (`id`) ON DELETE CASCADE ON UPDATE CASCADE)
[Method: POST, Route: admin/course/8/upload]
in SYSTEMPATH\Database\BaseConnection.php on line 684.
 1 SYSTEMPATH\Database\BaseBuilder.php(2345): CodeIgniter\Database\BaseConnection->query('INSERT INTO `materials` (`course_id`, `file_name`, `file_path`, `uploaded_by`, `created_at`) VALUES (:course_id:, :file_name:, :file_path:, :uploaded_by:, :created_at:)', [...], false)
 2 SYSTEMPATH\Model.php(394): CodeIgniter\Database\BaseBuilder->insert()
 3 SYSTEMPATH\BaseModel.php(838): CodeIgniter\Model->doInsert([...])
 4 SYSTEMPATH\Model.php(797): CodeIgniter\BaseModel->insert([...], true)
 5 APPPATH\Controllers\Materials.php(80): CodeIgniter\Model->insert([...])
 6 SYSTEMPATH\CodeIgniter.php(933): App\Controllers\Materials->upload('8')
 7 SYSTEMPATH\CodeIgniter.php(507): CodeIgniter\CodeIgniter->runController(Object(App\Controllers\Materials))
 8 SYSTEMPATH\CodeIgniter.php(354): CodeIgniter\CodeIgniter->handleRequest(null, Object(Config\Cache), false)
 9 SYSTEMPATH\Boot.php(363): CodeIgniter\CodeIgniter->run()
10 SYSTEMPATH\Boot.php(68): CodeIgniter\Boot::runCodeIgniter(Object(CodeIgniter\CodeIgniter))
11 FCPATH\index.php(59): CodeIgniter\Boot::bootWeb(Object(Config\Paths))
CRITICAL - 2025-10-29 12:42:15 --> [Caused by] CodeIgniter\Database\Exceptions\DatabaseException: Cannot add or update a child row: a foreign key constraint fails (`lms_verola`.`materials`, CONSTRAINT `materials_uploaded_by_foreign` FOREIGN KEY (`uploaded_by`) REFERENCES `users` (`id`) ON DELETE CASCADE ON UPDATE CASCADE)
in SYSTEMPATH\Database\MySQLi\Connection.php on line 332.
 1 SYSTEMPATH\Database\BaseConnection.php(729): CodeIgniter\Database\MySQLi\Connection->execute('INSERT INTO `materials` (`course_id`, `file_name`, `file_path`, `uploaded_by`, `created_at`) VALUES (\'8\', \'LESSON 1.pptx\', \'uploads/materials/1761741735_fcac675425c14ce4b6f8.pptx\', \'Jim Jamero\', \'2025-10-29 12:42:15\')')
 2 SYSTEMPATH\Database\BaseConnection.php(646): CodeIgniter\Database\BaseConnection->simpleQuery('INSERT INTO `materials` (`course_id`, `file_name`, `file_path`, `uploaded_by`, `created_at`) VALUES (\'8\', \'LESSON 1.pptx\', \'uploads/materials/1761741735_fcac675425c14ce4b6f8.pptx\', \'Jim Jamero\', \'2025-10-29 12:42:15\')')
 3 SYSTEMPATH\Database\BaseBuilder.php(2345): CodeIgniter\Database\BaseConnection->query('INSERT INTO `materials` (`course_id`, `file_name`, `file_path`, `uploaded_by`, `created_at`) VALUES (:course_id:, :file_name:, :file_path:, :uploaded_by:, :created_at:)', [...], false)
 4 SYSTEMPATH\Model.php(394): CodeIgniter\Database\BaseBuilder->insert()
 5 SYSTEMPATH\BaseModel.php(838): CodeIgniter\Model->doInsert([...])
 6 SYSTEMPATH\Model.php(797): CodeIgniter\BaseModel->insert([...], true)
 7 APPPATH\Controllers\Materials.php(80): CodeIgniter\Model->insert([...])
 8 SYSTEMPATH\CodeIgniter.php(933): App\Controllers\Materials->upload('8')
 9 SYSTEMPATH\CodeIgniter.php(507): CodeIgniter\CodeIgniter->runController(Object(App\Controllers\Materials))
10 SYSTEMPATH\CodeIgniter.php(354): CodeIgniter\CodeIgniter->handleRequest(null, Object(Config\Cache), false)
11 SYSTEMPATH\Boot.php(363): CodeIgniter\CodeIgniter->run()
12 SYSTEMPATH\Boot.php(68): CodeIgniter\Boot::runCodeIgniter(Object(CodeIgniter\CodeIgniter))
13 FCPATH\index.php(59): CodeIgniter\Boot::bootWeb(Object(Config\Paths))
CRITICAL - 2025-10-29 12:42:15 --> [Caused by] mysqli_sql_exception: Cannot add or update a child row: a foreign key constraint fails (`lms_verola`.`materials`, CONSTRAINT `materials_uploaded_by_foreign` FOREIGN KEY (`uploaded_by`) REFERENCES `users` (`id`) ON DELETE CASCADE ON UPDATE CASCADE)
in SYSTEMPATH\Database\MySQLi\Connection.php on line 327.
 1 SYSTEMPATH\Database\MySQLi\Connection.php(327): mysqli->query('INSERT INTO `materials` (`course_id`, `file_name`, `file_path`, `uploaded_by`, `created_at`) VALUES (\'8\', \'LESSON 1.pptx\', \'uploads/materials/1761741735_fcac675425c14ce4b6f8.pptx\', \'Jim Jamero\', \'2025-10-29 12:42:15\')', 0)
 2 SYSTEMPATH\Database\BaseConnection.php(729): CodeIgniter\Database\MySQLi\Connection->execute('INSERT INTO `materials` (`course_id`, `file_name`, `file_path`, `uploaded_by`, `created_at`) VALUES (\'8\', \'LESSON 1.pptx\', \'uploads/materials/1761741735_fcac675425c14ce4b6f8.pptx\', \'Jim Jamero\', \'2025-10-29 12:42:15\')')
 3 SYSTEMPATH\Database\BaseConnection.php(646): CodeIgniter\Database\BaseConnection->simpleQuery('INSERT INTO `materials` (`course_id`, `file_name`, `file_path`, `uploaded_by`, `created_at`) VALUES (\'8\', \'LESSON 1.pptx\', \'uploads/materials/1761741735_fcac675425c14ce4b6f8.pptx\', \'Jim Jamero\', \'2025-10-29 12:42:15\')')
 4 SYSTEMPATH\Database\BaseBuilder.php(2345): CodeIgniter\Database\BaseConnection->query('INSERT INTO `materials` (`course_id`, `file_name`, `file_path`, `uploaded_by`, `created_at`) VALUES (:course_id:, :file_name:, :file_path:, :uploaded_by:, :created_at:)', [...], false)
 5 SYSTEMPATH\Model.php(394): CodeIgniter\Database\BaseBuilder->insert()
 6 SYSTEMPATH\BaseModel.php(838): CodeIgniter\Model->doInsert([...])
 7 SYSTEMPATH\Model.php(797): CodeIgniter\BaseModel->insert([...], true)
 8 APPPATH\Controllers\Materials.php(80): CodeIgniter\Model->insert([...])
 9 SYSTEMPATH\CodeIgniter.php(933): App\Controllers\Materials->upload('8')
10 SYSTEMPATH\CodeIgniter.php(507): CodeIgniter\CodeIgniter->runController(Object(App\Controllers\Materials))
11 SYSTEMPATH\CodeIgniter.php(354): CodeIgniter\CodeIgniter->handleRequest(null, Object(Config\Cache), false)
12 SYSTEMPATH\Boot.php(363): CodeIgniter\CodeIgniter->run()
13 SYSTEMPATH\Boot.php(68): CodeIgniter\Boot::runCodeIgniter(Object(CodeIgniter\CodeIgniter))
14 FCPATH\index.php(59): CodeIgniter\Boot::bootWeb(Object(Config\Paths))
DEBUG - 2025-10-29 12:42:33 --> Session: Class initialized using 'CodeIgniter\Session\Handlers\FileHandler' driver.
DEBUG - 2025-10-29 12:42:44 --> Session: Class initialized using 'CodeIgniter\Session\Handlers\FileHandler' driver.
DEBUG - 2025-10-29 12:42:44 --> Session: Class initialized using 'CodeIgniter\Session\Handlers\FileHandler' driver.
DEBUG - 2025-10-29 12:43:11 --> Session: Class initialized using 'CodeIgniter\Session\Handlers\FileHandler' driver.
DEBUG - 2025-10-29 12:43:27 --> Session: Class initialized using 'CodeIgniter\Session\Handlers\FileHandler' driver.
ERROR - 2025-10-29 12:43:27 --> mysqli_sql_exception: Cannot add or update a child row: a foreign key constraint fails (`lms_verola`.`materials`, CONSTRAINT `materials_uploaded_by_foreign` FOREIGN KEY (`uploaded_by`) REFERENCES `users` (`id`) ON DELETE CASCADE ON UPDATE CASCADE) in C:\xampp\htdocs\ITE311-VEROLA\system\Database\MySQLi\Connection.php:327
Stack trace:
#0 C:\xampp\htdocs\ITE311-VEROLA\system\Database\MySQLi\Connection.php(327): mysqli->query('INSERT INTO `ma...', 0)
#1 C:\xampp\htdocs\ITE311-VEROLA\system\Database\BaseConnection.php(729): CodeIgniter\Database\MySQLi\Connection->execute('INSERT INTO `ma...')
#2 C:\xampp\htdocs\ITE311-VEROLA\system\Database\BaseConnection.php(646): CodeIgniter\Database\BaseConnection->simpleQuery('INSERT INTO `ma...')
#3 C:\xampp\htdocs\ITE311-VEROLA\system\Database\BaseBuilder.php(2345): CodeIgniter\Database\BaseConnection->query('INSERT INTO `ma...', Array, false)
#4 C:\xampp\htdocs\ITE311-VEROLA\system\Model.php(394): CodeIgniter\Database\BaseBuilder->insert()
#5 C:\xampp\htdocs\ITE311-VEROLA\system\BaseModel.php(838): CodeIgniter\Model->doInsert(Array)
#6 C:\xampp\htdocs\ITE311-VEROLA\system\Model.php(797): CodeIgniter\BaseModel->insert(Array, true)
#7 C:\xampp\htdocs\ITE311-VEROLA\app\Controllers\Materials.php(80): CodeIgniter\Model->insert(Array)
#8 C:\xampp\htdocs\ITE311-VEROLA\system\CodeIgniter.php(933): App\Controllers\Materials->upload('2')
#9 C:\xampp\htdocs\ITE311-VEROLA\system\CodeIgniter.php(507): CodeIgniter\CodeIgniter->runController(Object(App\Controllers\Materials))
#10 C:\xampp\htdocs\ITE311-VEROLA\system\CodeIgniter.php(354): CodeIgniter\CodeIgniter->handleRequest(NULL, Object(Config\Cache), false)
#11 C:\xampp\htdocs\ITE311-VEROLA\system\Boot.php(363): CodeIgniter\CodeIgniter->run()
#12 C:\xampp\htdocs\ITE311-VEROLA\system\Boot.php(68): CodeIgniter\Boot::runCodeIgniter(Object(CodeIgniter\CodeIgniter))
#13 C:\xampp\htdocs\ITE311-VEROLA\index.php(59): CodeIgniter\Boot::bootWeb(Object(Config\Paths))
#14 {main}
CRITICAL - 2025-10-29 12:43:27 --> CodeIgniter\Database\Exceptions\DatabaseException: Cannot add or update a child row: a foreign key constraint fails (`lms_verola`.`materials`, CONSTRAINT `materials_uploaded_by_foreign` FOREIGN KEY (`uploaded_by`) REFERENCES `users` (`id`) ON DELETE CASCADE ON UPDATE CASCADE)
[Method: POST, Route: admin/course/2/upload]
in SYSTEMPATH\Database\BaseConnection.php on line 684.
 1 SYSTEMPATH\Database\BaseBuilder.php(2345): CodeIgniter\Database\BaseConnection->query('INSERT INTO `materials` (`course_id`, `file_name`, `file_path`, `uploaded_by`, `created_at`) VALUES (:course_id:, :file_name:, :file_path:, :uploaded_by:, :created_at:)', [...], false)
 2 SYSTEMPATH\Model.php(394): CodeIgniter\Database\BaseBuilder->insert()
 3 SYSTEMPATH\BaseModel.php(838): CodeIgniter\Model->doInsert([...])
 4 SYSTEMPATH\Model.php(797): CodeIgniter\BaseModel->insert([...], true)
 5 APPPATH\Controllers\Materials.php(80): CodeIgniter\Model->insert([...])
 6 SYSTEMPATH\CodeIgniter.php(933): App\Controllers\Materials->upload('2')
 7 SYSTEMPATH\CodeIgniter.php(507): CodeIgniter\CodeIgniter->runController(Object(App\Controllers\Materials))
 8 SYSTEMPATH\CodeIgniter.php(354): CodeIgniter\CodeIgniter->handleRequest(null, Object(Config\Cache), false)
 9 SYSTEMPATH\Boot.php(363): CodeIgniter\CodeIgniter->run()
10 SYSTEMPATH\Boot.php(68): CodeIgniter\Boot::runCodeIgniter(Object(CodeIgniter\CodeIgniter))
11 FCPATH\index.php(59): CodeIgniter\Boot::bootWeb(Object(Config\Paths))
CRITICAL - 2025-10-29 12:43:27 --> [Caused by] CodeIgniter\Database\Exceptions\DatabaseException: Cannot add or update a child row: a foreign key constraint fails (`lms_verola`.`materials`, CONSTRAINT `materials_uploaded_by_foreign` FOREIGN KEY (`uploaded_by`) REFERENCES `users` (`id`) ON DELETE CASCADE ON UPDATE CASCADE)
in SYSTEMPATH\Database\MySQLi\Connection.php on line 332.
 1 SYSTEMPATH\Database\BaseConnection.php(729): CodeIgniter\Database\MySQLi\Connection->execute('INSERT INTO `materials` (`course_id`, `file_name`, `file_path`, `uploaded_by`, `created_at`) VALUES (\'2\', \'LESSON 1.pptx\', \'uploads/materials/1761741807_9875c6841387bf1dfd2e.pptx\', \'Jim Jamero\', \'2025-10-29 12:43:27\')')
 2 SYSTEMPATH\Database\BaseConnection.php(646): CodeIgniter\Database\BaseConnection->simpleQuery('INSERT INTO `materials` (`course_id`, `file_name`, `file_path`, `uploaded_by`, `created_at`) VALUES (\'2\', \'LESSON 1.pptx\', \'uploads/materials/1761741807_9875c6841387bf1dfd2e.pptx\', \'Jim Jamero\', \'2025-10-29 12:43:27\')')
 3 SYSTEMPATH\Database\BaseBuilder.php(2345): CodeIgniter\Database\BaseConnection->query('INSERT INTO `materials` (`course_id`, `file_name`, `file_path`, `uploaded_by`, `created_at`) VALUES (:course_id:, :file_name:, :file_path:, :uploaded_by:, :created_at:)', [...], false)
 4 SYSTEMPATH\Model.php(394): CodeIgniter\Database\BaseBuilder->insert()
 5 SYSTEMPATH\BaseModel.php(838): CodeIgniter\Model->doInsert([...])
 6 SYSTEMPATH\Model.php(797): CodeIgniter\BaseModel->insert([...], true)
 7 APPPATH\Controllers\Materials.php(80): CodeIgniter\Model->insert([...])
 8 SYSTEMPATH\CodeIgniter.php(933): App\Controllers\Materials->upload('2')
 9 SYSTEMPATH\CodeIgniter.php(507): CodeIgniter\CodeIgniter->runController(Object(App\Controllers\Materials))
10 SYSTEMPATH\CodeIgniter.php(354): CodeIgniter\CodeIgniter->handleRequest(null, Object(Config\Cache), false)
11 SYSTEMPATH\Boot.php(363): CodeIgniter\CodeIgniter->run()
12 SYSTEMPATH\Boot.php(68): CodeIgniter\Boot::runCodeIgniter(Object(CodeIgniter\CodeIgniter))
13 FCPATH\index.php(59): CodeIgniter\Boot::bootWeb(Object(Config\Paths))
CRITICAL - 2025-10-29 12:43:27 --> [Caused by] mysqli_sql_exception: Cannot add or update a child row: a foreign key constraint fails (`lms_verola`.`materials`, CONSTRAINT `materials_uploaded_by_foreign` FOREIGN KEY (`uploaded_by`) REFERENCES `users` (`id`) ON DELETE CASCADE ON UPDATE CASCADE)
in SYSTEMPATH\Database\MySQLi\Connection.php on line 327.
 1 SYSTEMPATH\Database\MySQLi\Connection.php(327): mysqli->query('INSERT INTO `materials` (`course_id`, `file_name`, `file_path`, `uploaded_by`, `created_at`) VALUES (\'2\', \'LESSON 1.pptx\', \'uploads/materials/1761741807_9875c6841387bf1dfd2e.pptx\', \'Jim Jamero\', \'2025-10-29 12:43:27\')', 0)
 2 SYSTEMPATH\Database\BaseConnection.php(729): CodeIgniter\Database\MySQLi\Connection->execute('INSERT INTO `materials` (`course_id`, `file_name`, `file_path`, `uploaded_by`, `created_at`) VALUES (\'2\', \'LESSON 1.pptx\', \'uploads/materials/1761741807_9875c6841387bf1dfd2e.pptx\', \'Jim Jamero\', \'2025-10-29 12:43:27\')')
 3 SYSTEMPATH\Database\BaseConnection.php(646): CodeIgniter\Database\BaseConnection->simpleQuery('INSERT INTO `materials` (`course_id`, `file_name`, `file_path`, `uploaded_by`, `created_at`) VALUES (\'2\', \'LESSON 1.pptx\', \'uploads/materials/1761741807_9875c6841387bf1dfd2e.pptx\', \'Jim Jamero\', \'2025-10-29 12:43:27\')')
 4 SYSTEMPATH\Database\BaseBuilder.php(2345): CodeIgniter\Database\BaseConnection->query('INSERT INTO `materials` (`course_id`, `file_name`, `file_path`, `uploaded_by`, `created_at`) VALUES (:course_id:, :file_name:, :file_path:, :uploaded_by:, :created_at:)', [...], false)
 5 SYSTEMPATH\Model.php(394): CodeIgniter\Database\BaseBuilder->insert()
 6 SYSTEMPATH\BaseModel.php(838): CodeIgniter\Model->doInsert([...])
 7 SYSTEMPATH\Model.php(797): CodeIgniter\BaseModel->insert([...], true)
 8 APPPATH\Controllers\Materials.php(80): CodeIgniter\Model->insert([...])
 9 SYSTEMPATH\CodeIgniter.php(933): App\Controllers\Materials->upload('2')
10 SYSTEMPATH\CodeIgniter.php(507): CodeIgniter\CodeIgniter->runController(Object(App\Controllers\Materials))
11 SYSTEMPATH\CodeIgniter.php(354): CodeIgniter\CodeIgniter->handleRequest(null, Object(Config\Cache), false)
12 SYSTEMPATH\Boot.php(363): CodeIgniter\CodeIgniter->run()
13 SYSTEMPATH\Boot.php(68): CodeIgniter\Boot::runCodeIgniter(Object(CodeIgniter\CodeIgniter))
14 FCPATH\index.php(59): CodeIgniter\Boot::bootWeb(Object(Config\Paths))
DEBUG - 2025-10-29 12:45:33 --> Session: Class initialized using 'CodeIgniter\Session\Handlers\FileHandler' driver.
ERROR - 2025-10-29 12:45:33 --> mysqli_sql_exception: Table 'lms_verola.materials' doesn't exist in C:\xampp\htdocs\ITE311-VEROLA\system\Database\MySQLi\Connection.php:327
Stack trace:
#0 C:\xampp\htdocs\ITE311-VEROLA\system\Database\MySQLi\Connection.php(327): mysqli->query('INSERT INTO `ma...', 0)
#1 C:\xampp\htdocs\ITE311-VEROLA\system\Database\BaseConnection.php(729): CodeIgniter\Database\MySQLi\Connection->execute('INSERT INTO `ma...')
#2 C:\xampp\htdocs\ITE311-VEROLA\system\Database\BaseConnection.php(646): CodeIgniter\Database\BaseConnection->simpleQuery('INSERT INTO `ma...')
#3 C:\xampp\htdocs\ITE311-VEROLA\system\Database\BaseBuilder.php(2345): CodeIgniter\Database\BaseConnection->query('INSERT INTO `ma...', Array, false)
#4 C:\xampp\htdocs\ITE311-VEROLA\system\Model.php(394): CodeIgniter\Database\BaseBuilder->insert()
#5 C:\xampp\htdocs\ITE311-VEROLA\system\BaseModel.php(838): CodeIgniter\Model->doInsert(Array)
#6 C:\xampp\htdocs\ITE311-VEROLA\system\Model.php(797): CodeIgniter\BaseModel->insert(Array, true)
#7 C:\xampp\htdocs\ITE311-VEROLA\app\Controllers\Materials.php(80): CodeIgniter\Model->insert(Array)
#8 C:\xampp\htdocs\ITE311-VEROLA\system\CodeIgniter.php(933): App\Controllers\Materials->upload('2')
#9 C:\xampp\htdocs\ITE311-VEROLA\system\CodeIgniter.php(507): CodeIgniter\CodeIgniter->runController(Object(App\Controllers\Materials))
#10 C:\xampp\htdocs\ITE311-VEROLA\system\CodeIgniter.php(354): CodeIgniter\CodeIgniter->handleRequest(NULL, Object(Config\Cache), false)
#11 C:\xampp\htdocs\ITE311-VEROLA\system\Boot.php(363): CodeIgniter\CodeIgniter->run()
#12 C:\xampp\htdocs\ITE311-VEROLA\system\Boot.php(68): CodeIgniter\Boot::runCodeIgniter(Object(CodeIgniter\CodeIgniter))
#13 C:\xampp\htdocs\ITE311-VEROLA\index.php(59): CodeIgniter\Boot::bootWeb(Object(Config\Paths))
#14 {main}
CRITICAL - 2025-10-29 12:45:33 --> CodeIgniter\Database\Exceptions\DatabaseException: Table 'lms_verola.materials' doesn't exist
[Method: POST, Route: admin/course/2/upload]
in SYSTEMPATH\Database\BaseConnection.php on line 684.
 1 SYSTEMPATH\Database\BaseBuilder.php(2345): CodeIgniter\Database\BaseConnection->query('INSERT INTO `materials` (`course_id`, `file_name`, `file_path`, `uploaded_by`, `created_at`) VALUES (:course_id:, :file_name:, :file_path:, :uploaded_by:, :created_at:)', [...], false)
 2 SYSTEMPATH\Model.php(394): CodeIgniter\Database\BaseBuilder->insert()
 3 SYSTEMPATH\BaseModel.php(838): CodeIgniter\Model->doInsert([...])
 4 SYSTEMPATH\Model.php(797): CodeIgniter\BaseModel->insert([...], true)
 5 APPPATH\Controllers\Materials.php(80): CodeIgniter\Model->insert([...])
 6 SYSTEMPATH\CodeIgniter.php(933): App\Controllers\Materials->upload('2')
 7 SYSTEMPATH\CodeIgniter.php(507): CodeIgniter\CodeIgniter->runController(Object(App\Controllers\Materials))
 8 SYSTEMPATH\CodeIgniter.php(354): CodeIgniter\CodeIgniter->handleRequest(null, Object(Config\Cache), false)
 9 SYSTEMPATH\Boot.php(363): CodeIgniter\CodeIgniter->run()
10 SYSTEMPATH\Boot.php(68): CodeIgniter\Boot::runCodeIgniter(Object(CodeIgniter\CodeIgniter))
11 FCPATH\index.php(59): CodeIgniter\Boot::bootWeb(Object(Config\Paths))
CRITICAL - 2025-10-29 12:45:33 --> [Caused by] CodeIgniter\Database\Exceptions\DatabaseException: Table 'lms_verola.materials' doesn't exist
in SYSTEMPATH\Database\MySQLi\Connection.php on line 332.
 1 SYSTEMPATH\Database\BaseConnection.php(729): CodeIgniter\Database\MySQLi\Connection->execute('INSERT INTO `materials` (`course_id`, `file_name`, `file_path`, `uploaded_by`, `created_at`) VALUES (\'2\', \'LESSON 1.pptx\', \'uploads/materials/1761741933_5e78fc2edad655c3cb9e.pptx\', \'Jim Jamero\', \'2025-10-29 12:45:33\')')
 2 SYSTEMPATH\Database\BaseConnection.php(646): CodeIgniter\Database\BaseConnection->simpleQuery('INSERT INTO `materials` (`course_id`, `file_name`, `file_path`, `uploaded_by`, `created_at`) VALUES (\'2\', \'LESSON 1.pptx\', \'uploads/materials/1761741933_5e78fc2edad655c3cb9e.pptx\', \'Jim Jamero\', \'2025-10-29 12:45:33\')')
 3 SYSTEMPATH\Database\BaseBuilder.php(2345): CodeIgniter\Database\BaseConnection->query('INSERT INTO `materials` (`course_id`, `file_name`, `file_path`, `uploaded_by`, `created_at`) VALUES (:course_id:, :file_name:, :file_path:, :uploaded_by:, :created_at:)', [...], false)
 4 SYSTEMPATH\Model.php(394): CodeIgniter\Database\BaseBuilder->insert()
 5 SYSTEMPATH\BaseModel.php(838): CodeIgniter\Model->doInsert([...])
 6 SYSTEMPATH\Model.php(797): CodeIgniter\BaseModel->insert([...], true)
 7 APPPATH\Controllers\Materials.php(80): CodeIgniter\Model->insert([...])
 8 SYSTEMPATH\CodeIgniter.php(933): App\Controllers\Materials->upload('2')
 9 SYSTEMPATH\CodeIgniter.php(507): CodeIgniter\CodeIgniter->runController(Object(App\Controllers\Materials))
10 SYSTEMPATH\CodeIgniter.php(354): CodeIgniter\CodeIgniter->handleRequest(null, Object(Config\Cache), false)
11 SYSTEMPATH\Boot.php(363): CodeIgniter\CodeIgniter->run()
12 SYSTEMPATH\Boot.php(68): CodeIgniter\Boot::runCodeIgniter(Object(CodeIgniter\CodeIgniter))
13 FCPATH\index.php(59): CodeIgniter\Boot::bootWeb(Object(Config\Paths))
CRITICAL - 2025-10-29 12:45:33 --> [Caused by] mysqli_sql_exception: Table 'lms_verola.materials' doesn't exist
in SYSTEMPATH\Database\MySQLi\Connection.php on line 327.
 1 SYSTEMPATH\Database\MySQLi\Connection.php(327): mysqli->query('INSERT INTO `materials` (`course_id`, `file_name`, `file_path`, `uploaded_by`, `created_at`) VALUES (\'2\', \'LESSON 1.pptx\', \'uploads/materials/1761741933_5e78fc2edad655c3cb9e.pptx\', \'Jim Jamero\', \'2025-10-29 12:45:33\')', 0)
 2 SYSTEMPATH\Database\BaseConnection.php(729): CodeIgniter\Database\MySQLi\Connection->execute('INSERT INTO `materials` (`course_id`, `file_name`, `file_path`, `uploaded_by`, `created_at`) VALUES (\'2\', \'LESSON 1.pptx\', \'uploads/materials/1761741933_5e78fc2edad655c3cb9e.pptx\', \'Jim Jamero\', \'2025-10-29 12:45:33\')')
 3 SYSTEMPATH\Database\BaseConnection.php(646): CodeIgniter\Database\BaseConnection->simpleQuery('INSERT INTO `materials` (`course_id`, `file_name`, `file_path`, `uploaded_by`, `created_at`) VALUES (\'2\', \'LESSON 1.pptx\', \'uploads/materials/1761741933_5e78fc2edad655c3cb9e.pptx\', \'Jim Jamero\', \'2025-10-29 12:45:33\')')
 4 SYSTEMPATH\Database\BaseBuilder.php(2345): CodeIgniter\Database\BaseConnection->query('INSERT INTO `materials` (`course_id`, `file_name`, `file_path`, `uploaded_by`, `created_at`) VALUES (:course_id:, :file_name:, :file_path:, :uploaded_by:, :created_at:)', [...], false)
 5 SYSTEMPATH\Model.php(394): CodeIgniter\Database\BaseBuilder->insert()
 6 SYSTEMPATH\BaseModel.php(838): CodeIgniter\Model->doInsert([...])
 7 SYSTEMPATH\Model.php(797): CodeIgniter\BaseModel->insert([...], true)
 8 APPPATH\Controllers\Materials.php(80): CodeIgniter\Model->insert([...])
 9 SYSTEMPATH\CodeIgniter.php(933): App\Controllers\Materials->upload('2')
10 SYSTEMPATH\CodeIgniter.php(507): CodeIgniter\CodeIgniter->runController(Object(App\Controllers\Materials))
11 SYSTEMPATH\CodeIgniter.php(354): CodeIgniter\CodeIgniter->handleRequest(null, Object(Config\Cache), false)
12 SYSTEMPATH\Boot.php(363): CodeIgniter\CodeIgniter->run()
13 SYSTEMPATH\Boot.php(68): CodeIgniter\Boot::runCodeIgniter(Object(CodeIgniter\CodeIgniter))
14 FCPATH\index.php(59): CodeIgniter\Boot::bootWeb(Object(Config\Paths))
DEBUG - 2025-10-29 12:48:31 --> Session: Class initialized using 'CodeIgniter\Session\Handlers\FileHandler' driver.
DEBUG - 2025-10-29 12:48:42 --> Session: Class initialized using 'CodeIgniter\Session\Handlers\FileHandler' driver.
DEBUG - 2025-10-29 12:48:42 --> Session: Class initialized using 'CodeIgniter\Session\Handlers\FileHandler' driver.
DEBUG - 2025-10-29 12:48:45 --> Session: Class initialized using 'CodeIgniter\Session\Handlers\FileHandler' driver.
DEBUG - 2025-10-29 12:49:14 --> Session: Class initialized using 'CodeIgniter\Session\Handlers\FileHandler' driver.
ERROR - 2025-10-29 12:49:14 --> mysqli_sql_exception: Cannot add or update a child row: a foreign key constraint fails (`lms_verola`.`materials`, CONSTRAINT `materials_uploaded_by_foreign` FOREIGN KEY (`uploaded_by`) REFERENCES `users` (`id`) ON DELETE CASCADE ON UPDATE SET NULL) in C:\xampp\htdocs\ITE311-VEROLA\system\Database\MySQLi\Connection.php:327
Stack trace:
#0 C:\xampp\htdocs\ITE311-VEROLA\system\Database\MySQLi\Connection.php(327): mysqli->query('INSERT INTO `ma...', 0)
#1 C:\xampp\htdocs\ITE311-VEROLA\system\Database\BaseConnection.php(729): CodeIgniter\Database\MySQLi\Connection->execute('INSERT INTO `ma...')
#2 C:\xampp\htdocs\ITE311-VEROLA\system\Database\BaseConnection.php(646): CodeIgniter\Database\BaseConnection->simpleQuery('INSERT INTO `ma...')
#3 C:\xampp\htdocs\ITE311-VEROLA\system\Database\BaseBuilder.php(2345): CodeIgniter\Database\BaseConnection->query('INSERT INTO `ma...', Array, false)
#4 C:\xampp\htdocs\ITE311-VEROLA\system\Model.php(394): CodeIgniter\Database\BaseBuilder->insert()
#5 C:\xampp\htdocs\ITE311-VEROLA\system\BaseModel.php(838): CodeIgniter\Model->doInsert(Array)
#6 C:\xampp\htdocs\ITE311-VEROLA\system\Model.php(797): CodeIgniter\BaseModel->insert(Array, true)
#7 C:\xampp\htdocs\ITE311-VEROLA\app\Controllers\Materials.php(80): CodeIgniter\Model->insert(Array)
#8 C:\xampp\htdocs\ITE311-VEROLA\system\CodeIgniter.php(933): App\Controllers\Materials->upload('15')
#9 C:\xampp\htdocs\ITE311-VEROLA\system\CodeIgniter.php(507): CodeIgniter\CodeIgniter->runController(Object(App\Controllers\Materials))
#10 C:\xampp\htdocs\ITE311-VEROLA\system\CodeIgniter.php(354): CodeIgniter\CodeIgniter->handleRequest(NULL, Object(Config\Cache), false)
#11 C:\xampp\htdocs\ITE311-VEROLA\system\Boot.php(363): CodeIgniter\CodeIgniter->run()
#12 C:\xampp\htdocs\ITE311-VEROLA\system\Boot.php(68): CodeIgniter\Boot::runCodeIgniter(Object(CodeIgniter\CodeIgniter))
#13 C:\xampp\htdocs\ITE311-VEROLA\index.php(59): CodeIgniter\Boot::bootWeb(Object(Config\Paths))
#14 {main}
CRITICAL - 2025-10-29 12:49:14 --> CodeIgniter\Database\Exceptions\DatabaseException: Cannot add or update a child row: a foreign key constraint fails (`lms_verola`.`materials`, CONSTRAINT `materials_uploaded_by_foreign` FOREIGN KEY (`uploaded_by`) REFERENCES `users` (`id`) ON DELETE CASCADE ON UPDATE SET NULL)
[Method: POST, Route: admin/course/15/upload]
in SYSTEMPATH\Database\BaseConnection.php on line 684.
 1 SYSTEMPATH\Database\BaseBuilder.php(2345): CodeIgniter\Database\BaseConnection->query('INSERT INTO `materials` (`course_id`, `file_name`, `file_path`, `uploaded_by`, `created_at`) VALUES (:course_id:, :file_name:, :file_path:, :uploaded_by:, :created_at:)', [...], false)
 2 SYSTEMPATH\Model.php(394): CodeIgniter\Database\BaseBuilder->insert()
 3 SYSTEMPATH\BaseModel.php(838): CodeIgniter\Model->doInsert([...])
 4 SYSTEMPATH\Model.php(797): CodeIgniter\BaseModel->insert([...], true)
 5 APPPATH\Controllers\Materials.php(80): CodeIgniter\Model->insert([...])
 6 SYSTEMPATH\CodeIgniter.php(933): App\Controllers\Materials->upload('15')
 7 SYSTEMPATH\CodeIgniter.php(507): CodeIgniter\CodeIgniter->runController(Object(App\Controllers\Materials))
 8 SYSTEMPATH\CodeIgniter.php(354): CodeIgniter\CodeIgniter->handleRequest(null, Object(Config\Cache), false)
 9 SYSTEMPATH\Boot.php(363): CodeIgniter\CodeIgniter->run()
10 SYSTEMPATH\Boot.php(68): CodeIgniter\Boot::runCodeIgniter(Object(CodeIgniter\CodeIgniter))
11 FCPATH\index.php(59): CodeIgniter\Boot::bootWeb(Object(Config\Paths))
CRITICAL - 2025-10-29 12:49:14 --> [Caused by] CodeIgniter\Database\Exceptions\DatabaseException: Cannot add or update a child row: a foreign key constraint fails (`lms_verola`.`materials`, CONSTRAINT `materials_uploaded_by_foreign` FOREIGN KEY (`uploaded_by`) REFERENCES `users` (`id`) ON DELETE CASCADE ON UPDATE SET NULL)
in SYSTEMPATH\Database\MySQLi\Connection.php on line 332.
 1 SYSTEMPATH\Database\BaseConnection.php(729): CodeIgniter\Database\MySQLi\Connection->execute('INSERT INTO `materials` (`course_id`, `file_name`, `file_path`, `uploaded_by`, `created_at`) VALUES (\'15\', \'LESSON 2.pptx\', \'uploads/materials/1761742154_2f1b700648d56e593d68.pptx\', \'Jim Jamero\', \'2025-10-29 12:49:14\')')
 2 SYSTEMPATH\Database\BaseConnection.php(646): CodeIgniter\Database\BaseConnection->simpleQuery('INSERT INTO `materials` (`course_id`, `file_name`, `file_path`, `uploaded_by`, `created_at`) VALUES (\'15\', \'LESSON 2.pptx\', \'uploads/materials/1761742154_2f1b700648d56e593d68.pptx\', \'Jim Jamero\', \'2025-10-29 12:49:14\')')
 3 SYSTEMPATH\Database\BaseBuilder.php(2345): CodeIgniter\Database\BaseConnection->query('INSERT INTO `materials` (`course_id`, `file_name`, `file_path`, `uploaded_by`, `created_at`) VALUES (:course_id:, :file_name:, :file_path:, :uploaded_by:, :created_at:)', [...], false)
 4 SYSTEMPATH\Model.php(394): CodeIgniter\Database\BaseBuilder->insert()
 5 SYSTEMPATH\BaseModel.php(838): CodeIgniter\Model->doInsert([...])
 6 SYSTEMPATH\Model.php(797): CodeIgniter\BaseModel->insert([...], true)
 7 APPPATH\Controllers\Materials.php(80): CodeIgniter\Model->insert([...])
 8 SYSTEMPATH\CodeIgniter.php(933): App\Controllers\Materials->upload('15')
 9 SYSTEMPATH\CodeIgniter.php(507): CodeIgniter\CodeIgniter->runController(Object(App\Controllers\Materials))
10 SYSTEMPATH\CodeIgniter.php(354): CodeIgniter\CodeIgniter->handleRequest(null, Object(Config\Cache), false)
11 SYSTEMPATH\Boot.php(363): CodeIgniter\CodeIgniter->run()
12 SYSTEMPATH\Boot.php(68): CodeIgniter\Boot::runCodeIgniter(Object(CodeIgniter\CodeIgniter))
13 FCPATH\index.php(59): CodeIgniter\Boot::bootWeb(Object(Config\Paths))
CRITICAL - 2025-10-29 12:49:14 --> [Caused by] mysqli_sql_exception: Cannot add or update a child row: a foreign key constraint fails (`lms_verola`.`materials`, CONSTRAINT `materials_uploaded_by_foreign` FOREIGN KEY (`uploaded_by`) REFERENCES `users` (`id`) ON DELETE CASCADE ON UPDATE SET NULL)
in SYSTEMPATH\Database\MySQLi\Connection.php on line 327.
 1 SYSTEMPATH\Database\MySQLi\Connection.php(327): mysqli->query('INSERT INTO `materials` (`course_id`, `file_name`, `file_path`, `uploaded_by`, `created_at`) VALUES (\'15\', \'LESSON 2.pptx\', \'uploads/materials/1761742154_2f1b700648d56e593d68.pptx\', \'Jim Jamero\', \'2025-10-29 12:49:14\')', 0)
 2 SYSTEMPATH\Database\BaseConnection.php(729): CodeIgniter\Database\MySQLi\Connection->execute('INSERT INTO `materials` (`course_id`, `file_name`, `file_path`, `uploaded_by`, `created_at`) VALUES (\'15\', \'LESSON 2.pptx\', \'uploads/materials/1761742154_2f1b700648d56e593d68.pptx\', \'Jim Jamero\', \'2025-10-29 12:49:14\')')
 3 SYSTEMPATH\Database\BaseConnection.php(646): CodeIgniter\Database\BaseConnection->simpleQuery('INSERT INTO `materials` (`course_id`, `file_name`, `file_path`, `uploaded_by`, `created_at`) VALUES (\'15\', \'LESSON 2.pptx\', \'uploads/materials/1761742154_2f1b700648d56e593d68.pptx\', \'Jim Jamero\', \'2025-10-29 12:49:14\')')
 4 SYSTEMPATH\Database\BaseBuilder.php(2345): CodeIgniter\Database\BaseConnection->query('INSERT INTO `materials` (`course_id`, `file_name`, `file_path`, `uploaded_by`, `created_at`) VALUES (:course_id:, :file_name:, :file_path:, :uploaded_by:, :created_at:)', [...], false)
 5 SYSTEMPATH\Model.php(394): CodeIgniter\Database\BaseBuilder->insert()
 6 SYSTEMPATH\BaseModel.php(838): CodeIgniter\Model->doInsert([...])
 7 SYSTEMPATH\Model.php(797): CodeIgniter\BaseModel->insert([...], true)
 8 APPPATH\Controllers\Materials.php(80): CodeIgniter\Model->insert([...])
 9 SYSTEMPATH\CodeIgniter.php(933): App\Controllers\Materials->upload('15')
10 SYSTEMPATH\CodeIgniter.php(507): CodeIgniter\CodeIgniter->runController(Object(App\Controllers\Materials))
11 SYSTEMPATH\CodeIgniter.php(354): CodeIgniter\CodeIgniter->handleRequest(null, Object(Config\Cache), false)
12 SYSTEMPATH\Boot.php(363): CodeIgniter\CodeIgniter->run()
13 SYSTEMPATH\Boot.php(68): CodeIgniter\Boot::runCodeIgniter(Object(CodeIgniter\CodeIgniter))
14 FCPATH\index.php(59): CodeIgniter\Boot::bootWeb(Object(Config\Paths))
DEBUG - 2025-10-29 12:57:46 --> Session: Class initialized using 'CodeIgniter\Session\Handlers\FileHandler' driver.
DEBUG - 2025-10-29 12:58:26 --> Session: Class initialized using 'CodeIgniter\Session\Handlers\FileHandler' driver.
DEBUG - 2025-10-29 12:58:28 --> Session: Class initialized using 'CodeIgniter\Session\Handlers\FileHandler' driver.
DEBUG - 2025-10-29 12:58:28 --> Session: Class initialized using 'CodeIgniter\Session\Handlers\FileHandler' driver.
DEBUG - 2025-10-29 12:58:37 --> Session: Class initialized using 'CodeIgniter\Session\Handlers\FileHandler' driver.
DEBUG - 2025-10-29 12:58:37 --> Session: Class initialized using 'CodeIgniter\Session\Handlers\FileHandler' driver.
DEBUG - 2025-10-29 12:58:41 --> Session: Class initialized using 'CodeIgniter\Session\Handlers\FileHandler' driver.
DEBUG - 2025-10-29 13:01:53 --> Session: Class initialized using 'CodeIgniter\Session\Handlers\FileHandler' driver.
DEBUG - 2025-10-29 13:01:57 --> Session: Class initialized using 'CodeIgniter\Session\Handlers\FileHandler' driver.
DEBUG - 2025-10-29 13:02:18 --> Session: Class initialized using 'CodeIgniter\Session\Handlers\FileHandler' driver.
DEBUG - 2025-10-29 13:02:19 --> Session: Class initialized using 'CodeIgniter\Session\Handlers\FileHandler' driver.
DEBUG - 2025-10-29 13:02:24 --> Session: Class initialized using 'CodeIgniter\Session\Handlers\FileHandler' driver.
DEBUG - 2025-10-29 13:02:51 --> Session: Class initialized using 'CodeIgniter\Session\Handlers\FileHandler' driver.
DEBUG - 2025-10-29 13:02:55 --> Session: Class initialized using 'CodeIgniter\Session\Handlers\FileHandler' driver.
DEBUG - 2025-10-29 13:02:57 --> Session: Class initialized using 'CodeIgniter\Session\Handlers\FileHandler' driver.
DEBUG - 2025-10-29 13:02:58 --> Session: Class initialized using 'CodeIgniter\Session\Handlers\FileHandler' driver.
DEBUG - 2025-10-29 13:03:08 --> Session: Class initialized using 'CodeIgniter\Session\Handlers\FileHandler' driver.
DEBUG - 2025-10-29 13:03:09 --> Session: Class initialized using 'CodeIgniter\Session\Handlers\FileHandler' driver.
DEBUG - 2025-10-29 13:03:12 --> Session: Class initialized using 'CodeIgniter\Session\Handlers\FileHandler' driver.
DEBUG - 2025-10-29 13:03:44 --> Session: Class initialized using 'CodeIgniter\Session\Handlers\FileHandler' driver.
DEBUG - 2025-10-29 13:03:44 --> Session: Class initialized using 'CodeIgniter\Session\Handlers\FileHandler' driver.
DEBUG - 2025-10-29 13:03:52 --> Session: Class initialized using 'CodeIgniter\Session\Handlers\FileHandler' driver.
DEBUG - 2025-10-29 13:03:52 --> Session: Class initialized using 'CodeIgniter\Session\Handlers\FileHandler' driver.
DEBUG - 2025-10-29 13:03:55 --> Session: Class initialized using 'CodeIgniter\Session\Handlers\FileHandler' driver.
DEBUG - 2025-10-29 13:04:08 --> Session: Class initialized using 'CodeIgniter\Session\Handlers\FileHandler' driver.
DEBUG - 2025-10-29 13:06:02 --> Session: Class initialized using 'CodeIgniter\Session\Handlers\FileHandler' driver.
DEBUG - 2025-10-29 13:06:05 --> Session: Class initialized using 'CodeIgniter\Session\Handlers\FileHandler' driver.
DEBUG - 2025-10-29 13:06:05 --> Session: Class initialized using 'CodeIgniter\Session\Handlers\FileHandler' driver.
DEBUG - 2025-10-29 13:06:14 --> Session: Class initialized using 'CodeIgniter\Session\Handlers\FileHandler' driver.
DEBUG - 2025-10-29 13:06:17 --> Session: Class initialized using 'CodeIgniter\Session\Handlers\FileHandler' driver.
DEBUG - 2025-10-29 13:06:30 --> Session: Class initialized using 'CodeIgniter\Session\Handlers\FileHandler' driver.
DEBUG - 2025-10-29 13:06:34 --> Session: Class initialized using 'CodeIgniter\Session\Handlers\FileHandler' driver.
DEBUG - 2025-10-29 13:06:38 --> Session: Class initialized using 'CodeIgniter\Session\Handlers\FileHandler' driver.
DEBUG - 2025-10-29 13:06:42 --> Session: Class initialized using 'CodeIgniter\Session\Handlers\FileHandler' driver.
DEBUG - 2025-10-29 13:06:42 --> Session: Class initialized using 'CodeIgniter\Session\Handlers\FileHandler' driver.
DEBUG - 2025-10-29 13:06:50 --> Session: Class initialized using 'CodeIgniter\Session\Handlers\FileHandler' driver.
DEBUG - 2025-10-29 13:06:51 --> Session: Class initialized using 'CodeIgniter\Session\Handlers\FileHandler' driver.
DEBUG - 2025-10-29 13:06:54 --> Session: Class initialized using 'CodeIgniter\Session\Handlers\FileHandler' driver.
DEBUG - 2025-10-29 13:07:20 --> Session: Class initialized using 'CodeIgniter\Session\Handlers\FileHandler' driver.
DEBUG - 2025-10-29 13:12:11 --> Session: Class initialized using 'CodeIgniter\Session\Handlers\FileHandler' driver.
DEBUG - 2025-10-29 13:12:19 --> Session: Class initialized using 'CodeIgniter\Session\Handlers\FileHandler' driver.
DEBUG - 2025-10-29 13:12:30 --> Session: Class initialized using 'CodeIgniter\Session\Handlers\FileHandler' driver.
DEBUG - 2025-10-29 13:12:31 --> Session: Class initialized using 'CodeIgniter\Session\Handlers\FileHandler' driver.
DEBUG - 2025-10-29 13:12:37 --> Session: Class initialized using 'CodeIgniter\Session\Handlers\FileHandler' driver.
DEBUG - 2025-10-29 13:13:04 --> Session: Class initialized using 'CodeIgniter\Session\Handlers\FileHandler' driver.
DEBUG - 2025-10-29 13:13:04 --> Session: Class initialized using 'CodeIgniter\Session\Handlers\FileHandler' driver.
DEBUG - 2025-10-29 13:13:13 --> Session: Class initialized using 'CodeIgniter\Session\Handlers\FileHandler' driver.
DEBUG - 2025-10-29 13:13:13 --> Session: Class initialized using 'CodeIgniter\Session\Handlers\FileHandler' driver.
DEBUG - 2025-10-29 13:13:21 --> Session: Class initialized using 'CodeIgniter\Session\Handlers\FileHandler' driver.
DEBUG - 2025-10-29 13:13:21 --> Session: Class initialized using 'CodeIgniter\Session\Handlers\FileHandler' driver.
DEBUG - 2025-10-29 13:13:58 --> Session: Class initialized using 'CodeIgniter\Session\Handlers\FileHandler' driver.
DEBUG - 2025-10-29 13:13:58 --> Session: Class initialized using 'CodeIgniter\Session\Handlers\FileHandler' driver.
DEBUG - 2025-10-29 13:14:06 --> Session: Class initialized using 'CodeIgniter\Session\Handlers\FileHandler' driver.
DEBUG - 2025-10-29 13:21:21 --> Session: Class initialized using 'CodeIgniter\Session\Handlers\FileHandler' driver.
DEBUG - 2025-10-29 13:21:36 --> Session: Class initialized using 'CodeIgniter\Session\Handlers\FileHandler' driver.
DEBUG - 2025-10-29 13:21:45 --> Session: Class initialized using 'CodeIgniter\Session\Handlers\FileHandler' driver.
DEBUG - 2025-10-29 13:53:30 --> Session: Class initialized using 'CodeIgniter\Session\Handlers\FileHandler' driver.
DEBUG - 2025-10-29 13:53:48 --> Session: Class initialized using 'CodeIgniter\Session\Handlers\FileHandler' driver.
DEBUG - 2025-10-29 13:53:48 --> Session: Class initialized using 'CodeIgniter\Session\Handlers\FileHandler' driver.
CRITICAL - 2025-10-29 13:53:56 --> ParseError: syntax error, unexpected token "return", expecting "function" or "const"
[Method: POST, Route: course/enroll]
in APPPATH\Controllers\Course.php on line 105.
 1 SYSTEMPATH\Autoloader\Autoloader.php(295): CodeIgniter\Autoloader\Autoloader->includeFile('C:\\xampp\\htdocs\\ITE311-VEROLA\\app\\Controllers\\Course.php')
 2 SYSTEMPATH\Autoloader\Autoloader.php(271): CodeIgniter\Autoloader\Autoloader->loadInNamespace('App\\Controllers\\Course')
 3 [internal function]: CodeIgniter\Autoloader\Autoloader->loadClass('App\\Controllers\\Course')
 4 SYSTEMPATH\CodeIgniter.php(885): class_exists('\\App\\Controllers\\Course', true)
 5 SYSTEMPATH\CodeIgniter.php(494): CodeIgniter\CodeIgniter->startController()
 6 SYSTEMPATH\CodeIgniter.php(354): CodeIgniter\CodeIgniter->handleRequest(null, Object(Config\Cache), false)
 7 SYSTEMPATH\Boot.php(363): CodeIgniter\CodeIgniter->run()
 8 SYSTEMPATH\Boot.php(68): CodeIgniter\Boot::runCodeIgniter(Object(CodeIgniter\CodeIgniter))
 9 FCPATH\index.php(59): CodeIgniter\Boot::bootWeb(Object(Config\Paths))
CRITICAL - 2025-10-29 13:54:09 --> ParseError: syntax error, unexpected token "return", expecting "function" or "const"
[Method: POST, Route: course/enroll]
in APPPATH\Controllers\Course.php on line 105.
 1 SYSTEMPATH\Autoloader\Autoloader.php(295): CodeIgniter\Autoloader\Autoloader->includeFile('C:\\xampp\\htdocs\\ITE311-VEROLA\\app\\Controllers\\Course.php')
 2 SYSTEMPATH\Autoloader\Autoloader.php(271): CodeIgniter\Autoloader\Autoloader->loadInNamespace('App\\Controllers\\Course')
 3 [internal function]: CodeIgniter\Autoloader\Autoloader->loadClass('App\\Controllers\\Course')
 4 SYSTEMPATH\CodeIgniter.php(885): class_exists('\\App\\Controllers\\Course', true)
 5 SYSTEMPATH\CodeIgniter.php(494): CodeIgniter\CodeIgniter->startController()
 6 SYSTEMPATH\CodeIgniter.php(354): CodeIgniter\CodeIgniter->handleRequest(null, Object(Config\Cache), false)
 7 SYSTEMPATH\Boot.php(363): CodeIgniter\CodeIgniter->run()
 8 SYSTEMPATH\Boot.php(68): CodeIgniter\Boot::runCodeIgniter(Object(CodeIgniter\CodeIgniter))
 9 FCPATH\index.php(59): CodeIgniter\Boot::bootWeb(Object(Config\Paths))
CRITICAL - 2025-10-29 13:54:09 --> ParseError: syntax error, unexpected token "return", expecting "function" or "const"
[Method: POST, Route: course/enroll]
in APPPATH\Controllers\Course.php on line 105.
 1 SYSTEMPATH\Autoloader\Autoloader.php(295): CodeIgniter\Autoloader\Autoloader->includeFile('C:\\xampp\\htdocs\\ITE311-VEROLA\\app\\Controllers\\Course.php')
 2 SYSTEMPATH\Autoloader\Autoloader.php(271): CodeIgniter\Autoloader\Autoloader->loadInNamespace('App\\Controllers\\Course')
 3 [internal function]: CodeIgniter\Autoloader\Autoloader->loadClass('App\\Controllers\\Course')
 4 SYSTEMPATH\CodeIgniter.php(885): class_exists('\\App\\Controllers\\Course', true)
 5 SYSTEMPATH\CodeIgniter.php(494): CodeIgniter\CodeIgniter->startController()
 6 SYSTEMPATH\CodeIgniter.php(354): CodeIgniter\CodeIgniter->handleRequest(null, Object(Config\Cache), false)
 7 SYSTEMPATH\Boot.php(363): CodeIgniter\CodeIgniter->run()
 8 SYSTEMPATH\Boot.php(68): CodeIgniter\Boot::runCodeIgniter(Object(CodeIgniter\CodeIgniter))
 9 FCPATH\index.php(59): CodeIgniter\Boot::bootWeb(Object(Config\Paths))
DEBUG - 2025-10-29 14:01:16 --> Session: Class initialized using 'CodeIgniter\Session\Handlers\FileHandler' driver.
ERROR - 2025-10-29 14:01:17 --> mysqli_sql_exception: Unknown column 'updated_at' in 'field list' in C:\xampp\htdocs\ITE311-VEROLA\system\Database\MySQLi\Connection.php:327
Stack trace:
#0 C:\xampp\htdocs\ITE311-VEROLA\system\Database\MySQLi\Connection.php(327): mysqli->query('INSERT INTO `no...', 0)
#1 C:\xampp\htdocs\ITE311-VEROLA\system\Database\BaseConnection.php(729): CodeIgniter\Database\MySQLi\Connection->execute('INSERT INTO `no...')
#2 C:\xampp\htdocs\ITE311-VEROLA\system\Database\BaseConnection.php(646): CodeIgniter\Database\BaseConnection->simpleQuery('INSERT INTO `no...')
#3 C:\xampp\htdocs\ITE311-VEROLA\system\Database\BaseBuilder.php(2345): CodeIgniter\Database\BaseConnection->query('INSERT INTO `no...', Array, false)
#4 C:\xampp\htdocs\ITE311-VEROLA\system\Model.php(394): CodeIgniter\Database\BaseBuilder->insert()
#5 C:\xampp\htdocs\ITE311-VEROLA\system\BaseModel.php(838): CodeIgniter\Model->doInsert(Array)
#6 C:\xampp\htdocs\ITE311-VEROLA\system\Model.php(797): CodeIgniter\BaseModel->insert(Array, true)
#7 C:\xampp\htdocs\ITE311-VEROLA\app\Controllers\Course.php(89): CodeIgniter\Model->insert(Array)
#8 C:\xampp\htdocs\ITE311-VEROLA\system\CodeIgniter.php(933): App\Controllers\Course->enroll()
#9 C:\xampp\htdocs\ITE311-VEROLA\system\CodeIgniter.php(507): CodeIgniter\CodeIgniter->runController(Object(App\Controllers\Course))
#10 C:\xampp\htdocs\ITE311-VEROLA\system\CodeIgniter.php(354): CodeIgniter\CodeIgniter->handleRequest(NULL, Object(Config\Cache), false)
#11 C:\xampp\htdocs\ITE311-VEROLA\system\Boot.php(363): CodeIgniter\CodeIgniter->run()
#12 C:\xampp\htdocs\ITE311-VEROLA\system\Boot.php(68): CodeIgniter\Boot::runCodeIgniter(Object(CodeIgniter\CodeIgniter))
#13 C:\xampp\htdocs\ITE311-VEROLA\index.php(59): CodeIgniter\Boot::bootWeb(Object(Config\Paths))
#14 {main}
CRITICAL - 2025-10-29 14:01:17 --> CodeIgniter\Database\Exceptions\DatabaseException: Unknown column 'updated_at' in 'field list'
[Method: POST, Route: course/enroll]
in SYSTEMPATH\Database\BaseConnection.php on line 684.
 1 SYSTEMPATH\Database\BaseBuilder.php(2345): CodeIgniter\Database\BaseConnection->query('INSERT INTO `notifications` (`user_id`, `message`, `is_read`, `created_at`, `updated_at`) VALUES (:user_id:, :message:, :is_read:, :created_at:, :updated_at:)', [...], false)
 2 SYSTEMPATH\Model.php(394): CodeIgniter\Database\BaseBuilder->insert()
 3 SYSTEMPATH\BaseModel.php(838): CodeIgniter\Model->doInsert([...])
 4 SYSTEMPATH\Model.php(797): CodeIgniter\BaseModel->insert([...], true)
 5 APPPATH\Controllers\Course.php(89): CodeIgniter\Model->insert([...])
 6 SYSTEMPATH\CodeIgniter.php(933): App\Controllers\Course->enroll()
 7 SYSTEMPATH\CodeIgniter.php(507): CodeIgniter\CodeIgniter->runController(Object(App\Controllers\Course))
 8 SYSTEMPATH\CodeIgniter.php(354): CodeIgniter\CodeIgniter->handleRequest(null, Object(Config\Cache), false)
 9 SYSTEMPATH\Boot.php(363): CodeIgniter\CodeIgniter->run()
10 SYSTEMPATH\Boot.php(68): CodeIgniter\Boot::runCodeIgniter(Object(CodeIgniter\CodeIgniter))
11 FCPATH\index.php(59): CodeIgniter\Boot::bootWeb(Object(Config\Paths))
CRITICAL - 2025-10-29 14:01:17 --> [Caused by] CodeIgniter\Database\Exceptions\DatabaseException: Unknown column 'updated_at' in 'field list'
in SYSTEMPATH\Database\MySQLi\Connection.php on line 332.
 1 SYSTEMPATH\Database\BaseConnection.php(729): CodeIgniter\Database\MySQLi\Connection->execute('INSERT INTO `notifications` (`user_id`, `message`, `is_read`, `created_at`, `updated_at`) VALUES (\'3\', \'You have successfully enrolled in \\"Literature\\".\', 0, \'2025-10-29 14:01:17\', \'2025-10-29 14:01:17\')')
 2 SYSTEMPATH\Database\BaseConnection.php(646): CodeIgniter\Database\BaseConnection->simpleQuery('INSERT INTO `notifications` (`user_id`, `message`, `is_read`, `created_at`, `updated_at`) VALUES (\'3\', \'You have successfully enrolled in \\"Literature\\".\', 0, \'2025-10-29 14:01:17\', \'2025-10-29 14:01:17\')')
 3 SYSTEMPATH\Database\BaseBuilder.php(2345): CodeIgniter\Database\BaseConnection->query('INSERT INTO `notifications` (`user_id`, `message`, `is_read`, `created_at`, `updated_at`) VALUES (:user_id:, :message:, :is_read:, :created_at:, :updated_at:)', [...], false)
 4 SYSTEMPATH\Model.php(394): CodeIgniter\Database\BaseBuilder->insert()
 5 SYSTEMPATH\BaseModel.php(838): CodeIgniter\Model->doInsert([...])
 6 SYSTEMPATH\Model.php(797): CodeIgniter\BaseModel->insert([...], true)
 7 APPPATH\Controllers\Course.php(89): CodeIgniter\Model->insert([...])
 8 SYSTEMPATH\CodeIgniter.php(933): App\Controllers\Course->enroll()
 9 SYSTEMPATH\CodeIgniter.php(507): CodeIgniter\CodeIgniter->runController(Object(App\Controllers\Course))
10 SYSTEMPATH\CodeIgniter.php(354): CodeIgniter\CodeIgniter->handleRequest(null, Object(Config\Cache), false)
11 SYSTEMPATH\Boot.php(363): CodeIgniter\CodeIgniter->run()
12 SYSTEMPATH\Boot.php(68): CodeIgniter\Boot::runCodeIgniter(Object(CodeIgniter\CodeIgniter))
13 FCPATH\index.php(59): CodeIgniter\Boot::bootWeb(Object(Config\Paths))
CRITICAL - 2025-10-29 14:01:17 --> [Caused by] mysqli_sql_exception: Unknown column 'updated_at' in 'field list'
in SYSTEMPATH\Database\MySQLi\Connection.php on line 327.
 1 SYSTEMPATH\Database\MySQLi\Connection.php(327): mysqli->query('INSERT INTO `notifications` (`user_id`, `message`, `is_read`, `created_at`, `updated_at`) VALUES (\'3\', \'You have successfully enrolled in \\"Literature\\".\', 0, \'2025-10-29 14:01:17\', \'2025-10-29 14:01:17\')', 0)
 2 SYSTEMPATH\Database\BaseConnection.php(729): CodeIgniter\Database\MySQLi\Connection->execute('INSERT INTO `notifications` (`user_id`, `message`, `is_read`, `created_at`, `updated_at`) VALUES (\'3\', \'You have successfully enrolled in \\"Literature\\".\', 0, \'2025-10-29 14:01:17\', \'2025-10-29 14:01:17\')')
 3 SYSTEMPATH\Database\BaseConnection.php(646): CodeIgniter\Database\BaseConnection->simpleQuery('INSERT INTO `notifications` (`user_id`, `message`, `is_read`, `created_at`, `updated_at`) VALUES (\'3\', \'You have successfully enrolled in \\"Literature\\".\', 0, \'2025-10-29 14:01:17\', \'2025-10-29 14:01:17\')')
 4 SYSTEMPATH\Database\BaseBuilder.php(2345): CodeIgniter\Database\BaseConnection->query('INSERT INTO `notifications` (`user_id`, `message`, `is_read`, `created_at`, `updated_at`) VALUES (:user_id:, :message:, :is_read:, :created_at:, :updated_at:)', [...], false)
 5 SYSTEMPATH\Model.php(394): CodeIgniter\Database\BaseBuilder->insert()
 6 SYSTEMPATH\BaseModel.php(838): CodeIgniter\Model->doInsert([...])
 7 SYSTEMPATH\Model.php(797): CodeIgniter\BaseModel->insert([...], true)
 8 APPPATH\Controllers\Course.php(89): CodeIgniter\Model->insert([...])
 9 SYSTEMPATH\CodeIgniter.php(933): App\Controllers\Course->enroll()
10 SYSTEMPATH\CodeIgniter.php(507): CodeIgniter\CodeIgniter->runController(Object(App\Controllers\Course))
11 SYSTEMPATH\CodeIgniter.php(354): CodeIgniter\CodeIgniter->handleRequest(null, Object(Config\Cache), false)
12 SYSTEMPATH\Boot.php(363): CodeIgniter\CodeIgniter->run()
13 SYSTEMPATH\Boot.php(68): CodeIgniter\Boot::runCodeIgniter(Object(CodeIgniter\CodeIgniter))
14 FCPATH\index.php(59): CodeIgniter\Boot::bootWeb(Object(Config\Paths))
DEBUG - 2025-10-29 14:05:35 --> Session: Class initialized using 'CodeIgniter\Session\Handlers\FileHandler' driver.
DEBUG - 2025-10-29 14:05:43 --> Session: Class initialized using 'CodeIgniter\Session\Handlers\FileHandler' driver.
DEBUG - 2025-10-29 14:05:44 --> Session: Class initialized using 'CodeIgniter\Session\Handlers\FileHandler' driver.
DEBUG - 2025-10-29 23:20:01 --> Session: Class initialized using 'CodeIgniter\Session\Handlers\FileHandler' driver.
DEBUG - 2025-10-29 23:20:01 --> Session: Class initialized using 'CodeIgniter\Session\Handlers\FileHandler' driver.
DEBUG - 2025-10-29 23:20:16 --> Session: Class initialized using 'CodeIgniter\Session\Handlers\FileHandler' driver.
DEBUG - 2025-10-29 23:20:16 --> Session: Class initialized using 'CodeIgniter\Session\Handlers\FileHandler' driver.
DEBUG - 2025-10-29 23:20:24 --> Session: Class initialized using 'CodeIgniter\Session\Handlers\FileHandler' driver.
DEBUG - 2025-10-29 23:20:24 --> Session: Class initialized using 'CodeIgniter\Session\Handlers\FileHandler' driver.
DEBUG - 2025-10-29 23:20:40 --> Session: Class initialized using 'CodeIgniter\Session\Handlers\FileHandler' driver.
DEBUG - 2025-10-29 23:20:41 --> Session: Class initialized using 'CodeIgniter\Session\Handlers\FileHandler' driver.
